CellLine	ClinSubtype	TransSubtype	DrugName	concentration	cell_count	cell_count__ctrl	cell_count__time0	BiolReplicate
184A1	NM	Basal	Taxol	8.53e-05	3853.6667	3893.3333	2707	9047.002
184A1	NM	Basal	Taxol	8.53e-05	4955.6667	4694	2429.5	10002.002
184A1	NM	Basal	Taxol	8.53e-05	3515.1667	3452.1667	1200	12684.002
184A1	NM	Basal	Taxol	0.000427	3938.3333	3893.3333	2707	9047.002
184A1	NM	Basal	Taxol	0.000427	4587.6667	4694	2429.5	10002.002
184A1	NM	Basal	Taxol	0.000427	3253.8333	3452.1667	1200	12684.002
184A1	NM	Basal	Taxol	0.00213	3870	3893.3333	2707	9047.002
184A1	NM	Basal	Taxol	0.00213	4822.3333	4694	2429.5	10002.002
184A1	NM	Basal	Taxol	0.00213	3461.5	3452.1667	1200	12684.002
184A1	NM	Basal	Taxol	0.0107	3367.6667	3893.3333	2707	9047.002
184A1	NM	Basal	Taxol	0.0107	4340.3333	4694	2429.5	10002.002
184A1	NM	Basal	Taxol	0.0107	3020.8333	3452.1667	1200	12684.002
184A1	NM	Basal	Taxol	0.0533	3296	3893.3333	2707	9047.002
184A1	NM	Basal	Taxol	0.0533	3501	4694	2429.5	10002.002
184A1	NM	Basal	Taxol	0.0533	2411.5	3452.1667	1200	12684.002
184A1	NM	Basal	Taxol	0.267	2982.3333	3893.3333	2707	9047.002
184A1	NM	Basal	Taxol	0.267	3471.6667	4694	2429.5	10002.002
184A1	NM	Basal	Taxol	0.267	2426.1667	3452.1667	1200	12684.002
184A1	NM	Basal	Taxol	1.33	3100.3333	3893.3333	2707	9047.002
184A1	NM	Basal	Taxol	1.33	3234.6667	4694	2429.5	10002.002
184A1	NM	Basal	Taxol	1.33	2338.1667	3452.1667	1200	12684.002
184A1	NM	Basal	Taxol	6.67	2430	3893.3333	2707	9047.002
184A1	NM	Basal	Taxol	6.67	3459.3333	4694	2429.5	10002.002
184A1	NM	Basal	Taxol	6.67	2308.1667	3452.1667	1200	12684.002
184A1	NM	Basal	Taxol	33.3	2414.6667	3893.3333	2707	9047.002
184A1	NM	Basal	Taxol	33.3	3343	4694	2429.5	10002.002
184A1	NM	Basal	Taxol	33.3	2091.5	3452.1667	1200	12684.002
184B5	NM	Basal	Taxol	8.53e-05	7791.1667	7336.5	3517	9095.002
184B5	NM	Basal	Taxol	8.53e-05	2497.5	2784.5	1117	12979.002
184B5	NM	Basal	Taxol	0.000427	7367.5	7336.5	3517	9095.002
184B5	NM	Basal	Taxol	0.000427	3055.8333	2784.5	1117	12979.002
184B5	NM	Basal	Taxol	0.00213	7188.8333	7336.5	3517	9095.002
184B5	NM	Basal	Taxol	0.00213	3076.1667	2784.5	1117	12979.002
184B5	NM	Basal	Taxol	0.0107	5408.5	7336.5	3517	9095.002
184B5	NM	Basal	Taxol	0.0107	2309.8333	2784.5	1117	12979.002
184B5	NM	Basal	Taxol	0.0533	4942.8333	7336.5	3517	9095.002
184B5	NM	Basal	Taxol	0.0533	2382.8333	2784.5	1117	12979.002
184B5	NM	Basal	Taxol	0.267	4532.8333	7336.5	3517	9095.002
184B5	NM	Basal	Taxol	0.267	2050.5	2784.5	1117	12979.002
184B5	NM	Basal	Taxol	1.33	4768.1667	7336.5	3517	9095.002
184B5	NM	Basal	Taxol	1.33	1870.1667	2784.5	1117	12979.002
184B5	NM	Basal	Taxol	6.67	4416.5	7336.5	3517	9095.002
184B5	NM	Basal	Taxol	6.67	2368.1667	2784.5	1117	12979.002
184B5	NM	Basal	Taxol	33.3	3172.8333	7336.5	3517	9095.002
184B5	NM	Basal	Taxol	33.3	2072.8333	2784.5	1117	12979.002
600MPE	HR+	Luminal	Taxol	8.53e-05	3650.6667	3315.3333	1671.5	9118.002
600MPE	HR+	Luminal	Taxol	0.000427	3492.3333	3315.3333	1671.5	9118.002
600MPE	HR+	Luminal	Taxol	0.00213	3592.3333	3315.3333	1671.5	9118.002
600MPE	HR+	Luminal	Taxol	0.0107	3075	3315.3333	1671.5	9118.002
600MPE	HR+	Luminal	Taxol	0.0533	2599	3315.3333	1671.5	9118.002
600MPE	HR+	Luminal	Taxol	0.267	2323.6667	3315.3333	1671.5	9118.002
600MPE	HR+	Luminal	Taxol	1.33	2334.6667	3315.3333	1671.5	9118.002
600MPE	HR+	Luminal	Taxol	6.67	2317	3315.3333	1671.5	9118.002
600MPE	HR+	Luminal	Taxol	33.3	2317	3315.3333	1671.5	9118.002
AU565	HER2amp	Luminal	Taxol	8.53e-05	5799.3333	5506.3333	2473.5	7793.002
AU565	HER2amp	Luminal	Taxol	8.53e-05	6986.3333	6510.6667	2716.5	9146.002
AU565	HER2amp	Luminal	Taxol	8.53e-05	2508.5	2078.5	1397	13030.002
AU565	HER2amp	Luminal	Taxol	0.000427	5488	5506.3333	2473.5	7793.002
AU565	HER2amp	Luminal	Taxol	0.000427	6217.6667	6510.6667	2716.5	9146.002
AU565	HER2amp	Luminal	Taxol	0.000427	2142.8333	2078.5	1397	13030.002
AU565	HER2amp	Luminal	Taxol	0.00213	5486.6667	5506.3333	2473.5	7793.002
AU565	HER2amp	Luminal	Taxol	0.00213	6632	6510.6667	2716.5	9146.002
AU565	HER2amp	Luminal	Taxol	0.00213	1637.1667	2078.5	1397	13030.002
AU565	HER2amp	Luminal	Taxol	0.0107	2548	5506.3333	2473.5	7793.002
AU565	HER2amp	Luminal	Taxol	0.0107	2726.6667	6510.6667	2716.5	9146.002
AU565	HER2amp	Luminal	Taxol	0.0107	468.8333	2078.5	1397	13030.002
AU565	HER2amp	Luminal	Taxol	0.0533	270.6667	5506.3333	2473.5	7793.002
AU565	HER2amp	Luminal	Taxol	0.0533	686.3333	6510.6667	2716.5	9146.002
AU565	HER2amp	Luminal	Taxol	0.0533	389.1667	2078.5	1397	13030.002
AU565	HER2amp	Luminal	Taxol	0.267	260	5506.3333	2473.5	7793.002
AU565	HER2amp	Luminal	Taxol	0.267	565.3333	6510.6667	2716.5	9146.002
AU565	HER2amp	Luminal	Taxol	0.267	445.8333	2078.5	1397	13030.002
AU565	HER2amp	Luminal	Taxol	1.33	286.3333	5506.3333	2473.5	7793.002
AU565	HER2amp	Luminal	Taxol	1.33	616	6510.6667	2716.5	9146.002
AU565	HER2amp	Luminal	Taxol	1.33	469.5	2078.5	1397	13030.002
AU565	HER2amp	Luminal	Taxol	6.67	235	5506.3333	2473.5	7793.002
AU565	HER2amp	Luminal	Taxol	6.67	594	6510.6667	2716.5	9146.002
AU565	HER2amp	Luminal	Taxol	6.67	406.1667	2078.5	1397	13030.002
AU565	HER2amp	Luminal	Taxol	33.3	200.6667	5506.3333	2473.5	7793.002
AU565	HER2amp	Luminal	Taxol	33.3	539	6510.6667	2716.5	9146.002
AU565	HER2amp	Luminal	Taxol	33.3	394.1667	2078.5	1397	13030.002
BT-474	HER2amp	Luminal	Taxol	8.53e-05	7059.5	6723.8333	3527.5	9157.002
BT-474	HER2amp	Luminal	Taxol	8.53e-05	4828.8333	4667.5	3465	9158.002
BT-474	HER2amp	Luminal	Taxol	8.53e-05	8019.5	7573.8333	4995.5	9163.002
BT-474	HER2amp	Luminal	Taxol	0.000427	6681.1667	6723.8333	3527.5	9157.002
BT-474	HER2amp	Luminal	Taxol	0.000427	4801.5	4667.5	3465	9158.002
BT-474	HER2amp	Luminal	Taxol	0.000427	7544.8333	7573.8333	4995.5	9163.002
BT-474	HER2amp	Luminal	Taxol	0.00213	6546.8333	6723.8333	3527.5	9157.002
BT-474	HER2amp	Luminal	Taxol	0.00213	5197.1667	4667.5	3465	9158.002
BT-474	HER2amp	Luminal	Taxol	0.00213	8266.1667	7573.8333	4995.5	9163.002
BT-474	HER2amp	Luminal	Taxol	0.0107	5234.1667	6723.8333	3527.5	9157.002
BT-474	HER2amp	Luminal	Taxol	0.0107	3878.5	4667.5	3465	9158.002
BT-474	HER2amp	Luminal	Taxol	0.0107	5704.5	7573.8333	4995.5	9163.002
BT-474	HER2amp	Luminal	Taxol	0.0533	3543.1667	6723.8333	3527.5	9157.002
BT-474	HER2amp	Luminal	Taxol	0.0533	2285.5	4667.5	3465	9158.002
BT-474	HER2amp	Luminal	Taxol	0.0533	2778.5	7573.8333	4995.5	9163.002
BT-474	HER2amp	Luminal	Taxol	0.267	3256.5	6723.8333	3527.5	9157.002
BT-474	HER2amp	Luminal	Taxol	0.267	2191.8333	4667.5	3465	9158.002
BT-474	HER2amp	Luminal	Taxol	0.267	2381.8333	7573.8333	4995.5	9163.002
BT-474	HER2amp	Luminal	Taxol	1.33	3313.8333	6723.8333	3527.5	9157.002
BT-474	HER2amp	Luminal	Taxol	1.33	2212.8333	4667.5	3465	9158.002
BT-474	HER2amp	Luminal	Taxol	1.33	2373.5	7573.8333	4995.5	9163.002
BT-474	HER2amp	Luminal	Taxol	6.67	2907.1667	6723.8333	3527.5	9157.002
BT-474	HER2amp	Luminal	Taxol	6.67	1844.8333	4667.5	3465	9158.002
BT-474	HER2amp	Luminal	Taxol	6.67	2044.1667	7573.8333	4995.5	9163.002
BT-474	HER2amp	Luminal	Taxol	33.3	2814.5	6723.8333	3527.5	9157.002
BT-474	HER2amp	Luminal	Taxol	33.3	1674.8333	4667.5	3465	9158.002
BT-474	HER2amp	Luminal	Taxol	33.3	1959.5	7573.8333	4995.5	9163.002
BT-483	HR+	Luminal	Taxol	8.53e-05	3600	3628.6667	2723.5	7801.002
BT-483	HR+	Luminal	Taxol	8.53e-05	3715.5	3689.1667	2651	9186.002
BT-483	HR+	Luminal	Taxol	0.000427	3433	3628.6667	2723.5	7801.002
BT-483	HR+	Luminal	Taxol	0.000427	3722.1667	3689.1667	2651	9186.002
BT-483	HR+	Luminal	Taxol	0.00213	3525.6667	3628.6667	2723.5	7801.002
BT-483	HR+	Luminal	Taxol	0.00213	3845.1667	3689.1667	2651	9186.002
BT-483	HR+	Luminal	Taxol	0.0107	3281.3333	3628.6667	2723.5	7801.002
BT-483	HR+	Luminal	Taxol	0.0107	3238.8333	3689.1667	2651	9186.002
BT-483	HR+	Luminal	Taxol	0.0533	3090.6667	3628.6667	2723.5	7801.002
BT-483	HR+	Luminal	Taxol	0.0533	3057.5	3689.1667	2651	9186.002
BT-483	HR+	Luminal	Taxol	0.267	2840.3333	3628.6667	2723.5	7801.002
BT-483	HR+	Luminal	Taxol	0.267	2834.8333	3689.1667	2651	9186.002
BT-483	HR+	Luminal	Taxol	1.33	2790.3333	3628.6667	2723.5	7801.002
BT-483	HR+	Luminal	Taxol	1.33	3115.8333	3689.1667	2651	9186.002
BT-483	HR+	Luminal	Taxol	6.67	2502	3628.6667	2723.5	7801.002
BT-483	HR+	Luminal	Taxol	6.67	2651.8333	3689.1667	2651	9186.002
BT-483	HR+	Luminal	Taxol	33.3	2094	3628.6667	2723.5	7801.002
BT-483	HR+	Luminal	Taxol	33.3	2263.5	3689.1667	2651	9186.002
BT-549	TNBC	Basal B	Taxol	8.53e-05	4373.6667	3947	860	10261.002
BT-549	TNBC	Basal B	Taxol	8.53e-05	2691.8333	2623.1667	483.5	12690.002
BT-549	TNBC	Basal B	Taxol	0.000427	3917.6667	3947	860	10261.002
BT-549	TNBC	Basal B	Taxol	0.000427	2572.5	2623.1667	483.5	12690.002
BT-549	TNBC	Basal B	Taxol	0.00213	3982.6667	3947	860	10261.002
BT-549	TNBC	Basal B	Taxol	0.00213	2342.8333	2623.1667	483.5	12690.002
BT-549	TNBC	Basal B	Taxol	0.0107	1985.3333	3947	860	10261.002
BT-549	TNBC	Basal B	Taxol	0.0107	766.1667	2623.1667	483.5	12690.002
BT-549	TNBC	Basal B	Taxol	0.0533	1198.3333	3947	860	10261.002
BT-549	TNBC	Basal B	Taxol	0.0533	614.1667	2623.1667	483.5	12690.002
BT-549	TNBC	Basal B	Taxol	0.267	1177.6667	3947	860	10261.002
BT-549	TNBC	Basal B	Taxol	0.267	557.8333	2623.1667	483.5	12690.002
BT-549	TNBC	Basal B	Taxol	1.33	1083.3333	3947	860	10261.002
BT-549	TNBC	Basal B	Taxol	1.33	435.1667	2623.1667	483.5	12690.002
BT-549	TNBC	Basal B	Taxol	6.67	1030.3333	3947	860	10261.002
BT-549	TNBC	Basal B	Taxol	6.67	465.8333	2623.1667	483.5	12690.002
BT-549	TNBC	Basal B	Taxol	33.3	891.6667	3947	860	10261.002
BT-549	TNBC	Basal B	Taxol	33.3	541.8333	2623.1667	483.5	12690.002
CAMA-1	HR+	Luminal	Taxol	8.53e-05	7005.6667	6903	3710	9210.002
CAMA-1	HR+	Luminal	Taxol	0.000427	6921.3333	6903	3710	9210.002
CAMA-1	HR+	Luminal	Taxol	0.00213	6760.6667	6903	3710	9210.002
CAMA-1	HR+	Luminal	Taxol	0.0107	5408	6903	3710	9210.002
CAMA-1	HR+	Luminal	Taxol	0.0533	2450.3333	6903	3710	9210.002
CAMA-1	HR+	Luminal	Taxol	0.267	2571.6667	6903	3710	9210.002
CAMA-1	HR+	Luminal	Taxol	1.33	2752	6903	3710	9210.002
CAMA-1	HR+	Luminal	Taxol	6.67	2663.3333	6903	3710	9210.002
CAMA-1	HR+	Luminal	Taxol	33.3	2516	6903	3710	9210.002
HBL-100	Unknown	Unknown	Taxol	8.53e-05	5932.3333	5927	1320	7807.002
HBL-100	Unknown	Unknown	Taxol	8.53e-05	2075.6667	1903.3333	378.5	7808.002
HBL-100	Unknown	Unknown	Taxol	8.53e-05	6170.5	6042.1667	1125.5	9226.002
HBL-100	Unknown	Unknown	Taxol	0.000427	5745.3333	5927	1320	7807.002
HBL-100	Unknown	Unknown	Taxol	0.000427	1903.3333	1903.3333	378.5	7808.002
HBL-100	Unknown	Unknown	Taxol	0.000427	6052.1667	6042.1667	1125.5	9226.002
HBL-100	Unknown	Unknown	Taxol	0.00213	4750.3333	5927	1320	7807.002
HBL-100	Unknown	Unknown	Taxol	0.00213	1447.3333	1903.3333	378.5	7808.002
HBL-100	Unknown	Unknown	Taxol	0.00213	4565.8333	6042.1667	1125.5	9226.002
HBL-100	Unknown	Unknown	Taxol	0.0107	2039.3333	5927	1320	7807.002
HBL-100	Unknown	Unknown	Taxol	0.0107	679.3333	1903.3333	378.5	7808.002
HBL-100	Unknown	Unknown	Taxol	0.0107	2090.5	6042.1667	1125.5	9226.002
HBL-100	Unknown	Unknown	Taxol	0.0533	1002.6667	5927	1320	7807.002
HBL-100	Unknown	Unknown	Taxol	0.0533	431.6667	1903.3333	378.5	7808.002
HBL-100	Unknown	Unknown	Taxol	0.0533	1381.1667	6042.1667	1125.5	9226.002
HBL-100	Unknown	Unknown	Taxol	0.267	858.3333	5927	1320	7807.002
HBL-100	Unknown	Unknown	Taxol	0.267	405	1903.3333	378.5	7808.002
HBL-100	Unknown	Unknown	Taxol	0.267	1102.8333	6042.1667	1125.5	9226.002
HBL-100	Unknown	Unknown	Taxol	1.33	871.3333	5927	1320	7807.002
HBL-100	Unknown	Unknown	Taxol	1.33	340	1903.3333	378.5	7808.002
HBL-100	Unknown	Unknown	Taxol	1.33	1143.5	6042.1667	1125.5	9226.002
HBL-100	Unknown	Unknown	Taxol	6.67	765.3333	5927	1320	7807.002
HBL-100	Unknown	Unknown	Taxol	6.67	344	1903.3333	378.5	7808.002
HBL-100	Unknown	Unknown	Taxol	6.67	824.5	6042.1667	1125.5	9226.002
HBL-100	Unknown	Unknown	Taxol	33.3	818.3333	5927	1320	7807.002
HBL-100	Unknown	Unknown	Taxol	33.3	305.3333	1903.3333	378.5	7808.002
HBL-100	Unknown	Unknown	Taxol	33.3	918.1667	6042.1667	1125.5	9226.002
HCC1143	TNBC	Basal A	Taxol	8.53e-05	5796.5	5331.8333	2382	7810.002
HCC1143	TNBC	Basal A	Taxol	8.53e-05	4744.5	4687.8333	2450.5	9233.002
HCC1143	TNBC	Basal A	Taxol	0.000427	5274.1667	5331.8333	2382	7810.002
HCC1143	TNBC	Basal A	Taxol	0.000427	4644.1667	4687.8333	2450.5	9233.002
HCC1143	TNBC	Basal A	Taxol	0.00213	5474.5	5331.8333	2382	7810.002
HCC1143	TNBC	Basal A	Taxol	0.00213	5196.1667	4687.8333	2450.5	9233.002
HCC1143	TNBC	Basal A	Taxol	0.0107	3675.1667	5331.8333	2382	7810.002
HCC1143	TNBC	Basal A	Taxol	0.0107	4196.5	4687.8333	2450.5	9233.002
HCC1143	TNBC	Basal A	Taxol	0.0533	1962.5	5331.8333	2382	7810.002
HCC1143	TNBC	Basal A	Taxol	0.0533	2271.5	4687.8333	2450.5	9233.002
HCC1143	TNBC	Basal A	Taxol	0.267	1367.5	5331.8333	2382	7810.002
HCC1143	TNBC	Basal A	Taxol	0.267	1346.1667	4687.8333	2450.5	9233.002
HCC1143	TNBC	Basal A	Taxol	1.33	1293.1667	5331.8333	2382	7810.002
HCC1143	TNBC	Basal A	Taxol	1.33	1609.1667	4687.8333	2450.5	9233.002
HCC1143	TNBC	Basal A	Taxol	6.67	1259.8333	5331.8333	2382	7810.002
HCC1143	TNBC	Basal A	Taxol	6.67	1677.1667	4687.8333	2450.5	9233.002
HCC1143	TNBC	Basal A	Taxol	33.3	1195.5	5331.8333	2382	7810.002
HCC1143	TNBC	Basal A	Taxol	33.3	1300.8333	4687.8333	2450.5	9233.002
HCC1187	TNBC	Basal A	Taxol	8.53e-05	7884.5	7927.8333	5633.5	7811.002
HCC1187	TNBC	Basal A	Taxol	8.53e-05	4503.5	4101.5	1949.5	7812.002
HCC1187	TNBC	Basal A	Taxol	8.53e-05	6499.5	5089.1667	3547.5	9244.002
HCC1187	TNBC	Basal A	Taxol	8.53e-05	6589.3333	6484.3333	3941	12696.002
HCC1187	TNBC	Basal A	Taxol	0.000427	7284.1667	7927.8333	5633.5	7811.002
HCC1187	TNBC	Basal A	Taxol	0.000427	4217.1667	4101.5	1949.5	7812.002
HCC1187	TNBC	Basal A	Taxol	0.000427	4978.5	5089.1667	3547.5	9244.002
HCC1187	TNBC	Basal A	Taxol	0.000427	6033.3333	6484.3333	3941	12696.002
HCC1187	TNBC	Basal A	Taxol	0.00213	7695.5	7927.8333	5633.5	7811.002
HCC1187	TNBC	Basal A	Taxol	0.00213	4394.1667	4101.5	1949.5	7812.002
HCC1187	TNBC	Basal A	Taxol	0.00213	5746.1667	5089.1667	3547.5	9244.002
HCC1187	TNBC	Basal A	Taxol	0.00213	6563	6484.3333	3941	12696.002
HCC1187	TNBC	Basal A	Taxol	0.0107	5628.1667	7927.8333	5633.5	7811.002
HCC1187	TNBC	Basal A	Taxol	0.0107	1703.5	4101.5	1949.5	7812.002
HCC1187	TNBC	Basal A	Taxol	0.0107	2699.8333	5089.1667	3547.5	9244.002
HCC1187	TNBC	Basal A	Taxol	0.0107	3464.6667	6484.3333	3941	12696.002
HCC1187	TNBC	Basal A	Taxol	0.0533	1040.1667	7927.8333	5633.5	7811.002
HCC1187	TNBC	Basal A	Taxol	0.0533	333.1667	4101.5	1949.5	7812.002
HCC1187	TNBC	Basal A	Taxol	0.0533	229.1667	5089.1667	3547.5	9244.002
HCC1187	TNBC	Basal A	Taxol	0.0533	301	6484.3333	3941	12696.002
HCC1187	TNBC	Basal A	Taxol	0.267	628.8333	7927.8333	5633.5	7811.002
HCC1187	TNBC	Basal A	Taxol	0.267	356.5	4101.5	1949.5	7812.002
HCC1187	TNBC	Basal A	Taxol	0.267	240.8333	5089.1667	3547.5	9244.002
HCC1187	TNBC	Basal A	Taxol	0.267	273	6484.3333	3941	12696.002
HCC1187	TNBC	Basal A	Taxol	1.33	623.1667	7927.8333	5633.5	7811.002
HCC1187	TNBC	Basal A	Taxol	1.33	338.1667	4101.5	1949.5	7812.002
HCC1187	TNBC	Basal A	Taxol	1.33	229.1667	5089.1667	3547.5	9244.002
HCC1187	TNBC	Basal A	Taxol	1.33	243.3333	6484.3333	3941	12696.002
HCC1187	TNBC	Basal A	Taxol	6.67	587.1667	7927.8333	5633.5	7811.002
HCC1187	TNBC	Basal A	Taxol	6.67	342.8333	4101.5	1949.5	7812.002
HCC1187	TNBC	Basal A	Taxol	6.67	177.5	5089.1667	3547.5	9244.002
HCC1187	TNBC	Basal A	Taxol	6.67	307.3333	6484.3333	3941	12696.002
HCC1187	TNBC	Basal A	Taxol	33.3	607.8333	7927.8333	5633.5	7811.002
HCC1187	TNBC	Basal A	Taxol	33.3	326.8333	4101.5	1949.5	7812.002
HCC1187	TNBC	Basal A	Taxol	33.3	252.5	5089.1667	3547.5	9244.002
HCC1187	TNBC	Basal A	Taxol	33.3	341	6484.3333	3941	12696.002
HCC1395	TNBC	Basal B	Taxol	8.53e-05	569.6667	495.3333	275.5	7813.002
HCC1395	TNBC	Basal B	Taxol	8.53e-05	1137	972	737.5	9254.002
HCC1395	TNBC	Basal B	Taxol	8.53e-05	2047	2102.6667	1288.5	9258.002
HCC1395	TNBC	Basal B	Taxol	0.000427	390.6667	495.3333	275.5	7813.002
HCC1395	TNBC	Basal B	Taxol	0.000427	1103	972	737.5	9254.002
HCC1395	TNBC	Basal B	Taxol	0.000427	2059.6667	2102.6667	1288.5	9258.002
HCC1395	TNBC	Basal B	Taxol	0.00213	542.3333	495.3333	275.5	7813.002
HCC1395	TNBC	Basal B	Taxol	0.00213	1221.6667	972	737.5	9254.002
HCC1395	TNBC	Basal B	Taxol	0.00213	2104	2102.6667	1288.5	9258.002
HCC1395	TNBC	Basal B	Taxol	0.0107	442.3333	495.3333	275.5	7813.002
HCC1395	TNBC	Basal B	Taxol	0.0107	978	972	737.5	9254.002
HCC1395	TNBC	Basal B	Taxol	0.0107	1670.3333	2102.6667	1288.5	9258.002
HCC1395	TNBC	Basal B	Taxol	0.0533	232.6667	495.3333	275.5	7813.002
HCC1395	TNBC	Basal B	Taxol	0.0533	495.6667	972	737.5	9254.002
HCC1395	TNBC	Basal B	Taxol	0.0533	788.3333	2102.6667	1288.5	9258.002
HCC1395	TNBC	Basal B	Taxol	0.267	171.3333	495.3333	275.5	7813.002
HCC1395	TNBC	Basal B	Taxol	0.267	498	972	737.5	9254.002
HCC1395	TNBC	Basal B	Taxol	0.267	580	2102.6667	1288.5	9258.002
HCC1395	TNBC	Basal B	Taxol	1.33	172.6667	495.3333	275.5	7813.002
HCC1395	TNBC	Basal B	Taxol	1.33	539.6667	972	737.5	9254.002
HCC1395	TNBC	Basal B	Taxol	1.33	601.6667	2102.6667	1288.5	9258.002
HCC1395	TNBC	Basal B	Taxol	6.67	157.3333	495.3333	275.5	7813.002
HCC1395	TNBC	Basal B	Taxol	6.67	422.6667	972	737.5	9254.002
HCC1395	TNBC	Basal B	Taxol	6.67	528.3333	2102.6667	1288.5	9258.002
HCC1395	TNBC	Basal B	Taxol	33.3	176.3333	495.3333	275.5	7813.002
HCC1395	TNBC	Basal B	Taxol	33.3	264.6667	972	737.5	9254.002
HCC1395	TNBC	Basal B	Taxol	33.3	426	2102.6667	1288.5	9258.002
HCC1419	HER2amp	Luminal	Taxol	8.53e-05	8552	7722.3333	4726	7820.002
HCC1419	HER2amp	Luminal	Taxol	8.53e-05	6349.1667	5883.1667	4547	9278.002
HCC1419	HER2amp	Luminal	Taxol	8.53e-05	5814.8333	5571.5	4247.5	10019.002
HCC1419	HER2amp	Luminal	Taxol	0.000427	8287.6667	7722.3333	4726	7820.002
HCC1419	HER2amp	Luminal	Taxol	0.000427	6212.5	5883.1667	4547	9278.002
HCC1419	HER2amp	Luminal	Taxol	0.000427	5694.8333	5571.5	4247.5	10019.002
HCC1419	HER2amp	Luminal	Taxol	0.00213	8477.6667	7722.3333	4726	7820.002
HCC1419	HER2amp	Luminal	Taxol	0.00213	5893.1667	5883.1667	4547	9278.002
HCC1419	HER2amp	Luminal	Taxol	0.00213	5905.8333	5571.5	4247.5	10019.002
HCC1419	HER2amp	Luminal	Taxol	0.0107	7490.3333	7722.3333	4726	7820.002
HCC1419	HER2amp	Luminal	Taxol	0.0107	5278.8333	5883.1667	4547	9278.002
HCC1419	HER2amp	Luminal	Taxol	0.0107	5000.1667	5571.5	4247.5	10019.002
HCC1419	HER2amp	Luminal	Taxol	0.0533	7421.3333	7722.3333	4726	7820.002
HCC1419	HER2amp	Luminal	Taxol	0.0533	4425.1667	5883.1667	4547	9278.002
HCC1419	HER2amp	Luminal	Taxol	0.0533	5229.8333	5571.5	4247.5	10019.002
HCC1419	HER2amp	Luminal	Taxol	0.267	6641.3333	7722.3333	4726	7820.002
HCC1419	HER2amp	Luminal	Taxol	0.267	4459.5	5883.1667	4547	9278.002
HCC1419	HER2amp	Luminal	Taxol	0.267	4923.8333	5571.5	4247.5	10019.002
HCC1419	HER2amp	Luminal	Taxol	1.33	6634	7722.3333	4726	7820.002
HCC1419	HER2amp	Luminal	Taxol	1.33	4351.5	5883.1667	4547	9278.002
HCC1419	HER2amp	Luminal	Taxol	1.33	5190.8333	5571.5	4247.5	10019.002
HCC1419	HER2amp	Luminal	Taxol	6.67	6413	7722.3333	4726	7820.002
HCC1419	HER2amp	Luminal	Taxol	6.67	4327.8333	5883.1667	4547	9278.002
HCC1419	HER2amp	Luminal	Taxol	6.67	4326.5	5571.5	4247.5	10019.002
HCC1419	HER2amp	Luminal	Taxol	33.3	6642.3333	7722.3333	4726	7820.002
HCC1419	HER2amp	Luminal	Taxol	33.3	4238.1667	5883.1667	4547	9278.002
HCC1419	HER2amp	Luminal	Taxol	33.3	4378.5	5571.5	4247.5	10019.002
HCC1428	HR+	Luminal	Taxol	8.53e-05	3596.8333	3607.5	2150	9294.002
HCC1428	HR+	Luminal	Taxol	8.53e-05	7045.5	6751.1667	4307.5	10031.002
HCC1428	HR+	Luminal	Taxol	0.000427	3639.8333	3607.5	2150	9294.002
HCC1428	HR+	Luminal	Taxol	0.000427	6718.1667	6751.1667	4307.5	10031.002
HCC1428	HR+	Luminal	Taxol	0.00213	3607.5	3607.5	2150	9294.002
HCC1428	HR+	Luminal	Taxol	0.00213	7150.1667	6751.1667	4307.5	10031.002
HCC1428	HR+	Luminal	Taxol	0.0107	3068.1667	3607.5	2150	9294.002
HCC1428	HR+	Luminal	Taxol	0.0107	6337.5	6751.1667	4307.5	10031.002
HCC1428	HR+	Luminal	Taxol	0.0533	2727.8333	3607.5	2150	9294.002
HCC1428	HR+	Luminal	Taxol	0.0533	5855.1667	6751.1667	4307.5	10031.002
HCC1428	HR+	Luminal	Taxol	0.267	2569.5	3607.5	2150	9294.002
HCC1428	HR+	Luminal	Taxol	0.267	5676.8333	6751.1667	4307.5	10031.002
HCC1428	HR+	Luminal	Taxol	1.33	2531.8333	3607.5	2150	9294.002
HCC1428	HR+	Luminal	Taxol	1.33	5623.8333	6751.1667	4307.5	10031.002
HCC1428	HR+	Luminal	Taxol	6.67	2462.1667	3607.5	2150	9294.002
HCC1428	HR+	Luminal	Taxol	6.67	5672.8333	6751.1667	4307.5	10031.002
HCC1428	HR+	Luminal	Taxol	33.3	2479.8333	3607.5	2150	9294.002
HCC1428	HR+	Luminal	Taxol	33.3	5577.8333	6751.1667	4307.5	10031.002
HCC1569	HER2amp	Basal A	Taxol	8.53e-05	5301.8333	5109.5	1818.5	9347.002
HCC1569	HER2amp	Basal A	Taxol	8.53e-05	5645.3333	5160	2239	13038.002
HCC1569	HER2amp	Basal A	Taxol	0.000427	5210.8333	5109.5	1818.5	9347.002
HCC1569	HER2amp	Basal A	Taxol	0.000427	4995.3333	5160	2239	13038.002
HCC1569	HER2amp	Basal A	Taxol	0.00213	5215.8333	5109.5	1818.5	9347.002
HCC1569	HER2amp	Basal A	Taxol	0.00213	5286.3333	5160	2239	13038.002
HCC1569	HER2amp	Basal A	Taxol	0.0107	3739.1667	5109.5	1818.5	9347.002
HCC1569	HER2amp	Basal A	Taxol	0.0107	3855.6667	5160	2239	13038.002
HCC1569	HER2amp	Basal A	Taxol	0.0533	2956.8333	5109.5	1818.5	9347.002
HCC1569	HER2amp	Basal A	Taxol	0.0533	2665.3333	5160	2239	13038.002
HCC1569	HER2amp	Basal A	Taxol	0.267	3130.8333	5109.5	1818.5	9347.002
HCC1569	HER2amp	Basal A	Taxol	0.267	2583	5160	2239	13038.002
HCC1569	HER2amp	Basal A	Taxol	1.33	3118.1667	5109.5	1818.5	9347.002
HCC1569	HER2amp	Basal A	Taxol	1.33	2746.3333	5160	2239	13038.002
HCC1569	HER2amp	Basal A	Taxol	6.67	3225.8333	5109.5	1818.5	9347.002
HCC1569	HER2amp	Basal A	Taxol	6.67	2412.3333	5160	2239	13038.002
HCC1569	HER2amp	Basal A	Taxol	33.3	2895.8333	5109.5	1818.5	9347.002
HCC1569	HER2amp	Basal A	Taxol	33.3	2616.6667	5160	2239	13038.002
HCC1806	TNBC	Basal A	Taxol	8.53e-05	8484.6667	8502.3333	2329	7829.002
HCC1806	TNBC	Basal A	Taxol	8.53e-05	5588.6667	5212.1667	1835.5	9376.002
HCC1806	TNBC	Basal A	Taxol	8.53e-05	5891.5	5782.1667	1580.5	12702.002
HCC1806	TNBC	Basal A	Taxol	0.000427	8509	8502.3333	2329	7829.002
HCC1806	TNBC	Basal A	Taxol	0.000427	5334.3333	5212.1667	1835.5	9376.002
HCC1806	TNBC	Basal A	Taxol	0.000427	5802.5	5782.1667	1580.5	12702.002
HCC1806	TNBC	Basal A	Taxol	0.00213	8572.3333	8502.3333	2329	7829.002
HCC1806	TNBC	Basal A	Taxol	0.00213	5167.5	5212.1667	1835.5	9376.002
HCC1806	TNBC	Basal A	Taxol	0.00213	5261.8333	5782.1667	1580.5	12702.002
HCC1806	TNBC	Basal A	Taxol	0.0107	2127.3333	8502.3333	2329	7829.002
HCC1806	TNBC	Basal A	Taxol	0.0107	2526.1667	5212.1667	1835.5	9376.002
HCC1806	TNBC	Basal A	Taxol	0.0107	1275.5	5782.1667	1580.5	12702.002
HCC1806	TNBC	Basal A	Taxol	0.0533	736.6667	8502.3333	2329	7829.002
HCC1806	TNBC	Basal A	Taxol	0.0533	1111	5212.1667	1835.5	9376.002
HCC1806	TNBC	Basal A	Taxol	0.0533	450.8333	5782.1667	1580.5	12702.002
HCC1806	TNBC	Basal A	Taxol	0.267	368.6667	8502.3333	2329	7829.002
HCC1806	TNBC	Basal A	Taxol	0.267	857.6667	5212.1667	1835.5	9376.002
HCC1806	TNBC	Basal A	Taxol	0.267	450.8333	5782.1667	1580.5	12702.002
HCC1806	TNBC	Basal A	Taxol	1.33	353.3333	8502.3333	2329	7829.002
HCC1806	TNBC	Basal A	Taxol	1.33	795.6667	5212.1667	1835.5	9376.002
HCC1806	TNBC	Basal A	Taxol	1.33	349.1667	5782.1667	1580.5	12702.002
HCC1806	TNBC	Basal A	Taxol	6.67	318.3333	8502.3333	2329	7829.002
HCC1806	TNBC	Basal A	Taxol	6.67	810.3333	5212.1667	1835.5	9376.002
HCC1806	TNBC	Basal A	Taxol	6.67	345.1667	5782.1667	1580.5	12702.002
HCC1806	TNBC	Basal A	Taxol	33.3	455.3333	8502.3333	2329	7829.002
HCC1806	TNBC	Basal A	Taxol	33.3	600	5212.1667	1835.5	9376.002
HCC1806	TNBC	Basal A	Taxol	33.3	375.8333	5782.1667	1580.5	12702.002
HCC1937	TNBC	Basal A	Taxol	8.53e-05	5941.6667	5548.6667	3571.5	10262.002
HCC1937	TNBC	Basal A	Taxol	0.000427	5960.3333	5548.6667	3571.5	10262.002
HCC1937	TNBC	Basal A	Taxol	0.00213	5684.3333	5548.6667	3571.5	10262.002
HCC1937	TNBC	Basal A	Taxol	0.0107	4779.6667	5548.6667	3571.5	10262.002
HCC1937	TNBC	Basal A	Taxol	0.0533	3488.6667	5548.6667	3571.5	10262.002
HCC1937	TNBC	Basal A	Taxol	0.267	3373.6667	5548.6667	3571.5	10262.002
HCC1937	TNBC	Basal A	Taxol	1.33	3327.6667	5548.6667	3571.5	10262.002
HCC1937	TNBC	Basal A	Taxol	6.67	3252.6667	5548.6667	3571.5	10262.002
HCC1937	TNBC	Basal A	Taxol	33.3	2415	5548.6667	3571.5	10262.002
HCC1954	HER2amp	Basal A	Taxol	8.53e-05	5061.3333	5023	1506.5	7837.002
HCC1954	HER2amp	Basal A	Taxol	8.53e-05	3141.3333	2594.3333	798	7839.002
HCC1954	HER2amp	Basal A	Taxol	8.53e-05	7348.5	6960.5	2564.5	9386.002
HCC1954	HER2amp	Basal A	Taxol	0.000427	4401.3333	5023	1506.5	7837.002
HCC1954	HER2amp	Basal A	Taxol	0.000427	2677.3333	2594.3333	798	7839.002
HCC1954	HER2amp	Basal A	Taxol	0.000427	6728.1667	6960.5	2564.5	9386.002
HCC1954	HER2amp	Basal A	Taxol	0.00213	5064.6667	5023	1506.5	7837.002
HCC1954	HER2amp	Basal A	Taxol	0.00213	2605.6667	2594.3333	798	7839.002
HCC1954	HER2amp	Basal A	Taxol	0.00213	6493.5	6960.5	2564.5	9386.002
HCC1954	HER2amp	Basal A	Taxol	0.0107	3856.6667	5023	1506.5	7837.002
HCC1954	HER2amp	Basal A	Taxol	0.0107	1080	2594.3333	798	7839.002
HCC1954	HER2amp	Basal A	Taxol	0.0107	3718.5	6960.5	2564.5	9386.002
HCC1954	HER2amp	Basal A	Taxol	0.0533	546.3333	5023	1506.5	7837.002
HCC1954	HER2amp	Basal A	Taxol	0.0533	293.6667	2594.3333	798	7839.002
HCC1954	HER2amp	Basal A	Taxol	0.0533	505.1667	6960.5	2564.5	9386.002
HCC1954	HER2amp	Basal A	Taxol	0.267	191	5023	1506.5	7837.002
HCC1954	HER2amp	Basal A	Taxol	0.267	280	2594.3333	798	7839.002
HCC1954	HER2amp	Basal A	Taxol	0.267	442.1667	6960.5	2564.5	9386.002
HCC1954	HER2amp	Basal A	Taxol	1.33	206.3333	5023	1506.5	7837.002
HCC1954	HER2amp	Basal A	Taxol	1.33	270.6667	2594.3333	798	7839.002
HCC1954	HER2amp	Basal A	Taxol	1.33	444.1667	6960.5	2564.5	9386.002
HCC1954	HER2amp	Basal A	Taxol	6.67	245	5023	1506.5	7837.002
HCC1954	HER2amp	Basal A	Taxol	6.67	228	2594.3333	798	7839.002
HCC1954	HER2amp	Basal A	Taxol	6.67	397.1667	6960.5	2564.5	9386.002
HCC1954	HER2amp	Basal A	Taxol	33.3	263.6667	5023	1506.5	7837.002
HCC1954	HER2amp	Basal A	Taxol	33.3	262	2594.3333	798	7839.002
HCC1954	HER2amp	Basal A	Taxol	33.3	353.1667	6960.5	2564.5	9386.002
HCC202	HER2amp	Luminal	Taxol	8.53e-05	2076.3333	2123.3333	1435	7844.002
HCC202	HER2amp	Luminal	Taxol	0.000427	1899.3333	2123.3333	1435	7844.002
HCC202	HER2amp	Luminal	Taxol	0.00213	1981	2123.3333	1435	7844.002
HCC202	HER2amp	Luminal	Taxol	0.0107	1826.6667	2123.3333	1435	7844.002
HCC202	HER2amp	Luminal	Taxol	0.0533	1359.6667	2123.3333	1435	7844.002
HCC202	HER2amp	Luminal	Taxol	0.267	1221	2123.3333	1435	7844.002
HCC202	HER2amp	Luminal	Taxol	1.33	1093.6667	2123.3333	1435	7844.002
HCC202	HER2amp	Luminal	Taxol	6.67	1006.6667	2123.3333	1435	7844.002
HCC202	HER2amp	Luminal	Taxol	33.3	1156.6667	2123.3333	1435	7844.002
HCC2185	TNBC	Luminal	Taxol	8.53e-05	5463.1667	5873.1667	3987	7848.002
HCC2185	TNBC	Luminal	Taxol	8.53e-05	6116	5613.6667	3827.5	7849.002
HCC2185	TNBC	Luminal	Taxol	8.53e-05	5229.8333	5083.5	4060.5	9420.002
HCC2185	TNBC	Luminal	Taxol	8.53e-05	6490.3333	6163	4257.5	9421.002
HCC2185	TNBC	Luminal	Taxol	0.000427	5824.5	5873.1667	3987	7848.002
HCC2185	TNBC	Luminal	Taxol	0.000427	5786	5613.6667	3827.5	7849.002
HCC2185	TNBC	Luminal	Taxol	0.000427	5303.8333	5083.5	4060.5	9420.002
HCC2185	TNBC	Luminal	Taxol	0.000427	6106	6163	4257.5	9421.002
HCC2185	TNBC	Luminal	Taxol	0.00213	5423.5	5873.1667	3987	7848.002
HCC2185	TNBC	Luminal	Taxol	0.00213	6203	5613.6667	3827.5	7849.002
HCC2185	TNBC	Luminal	Taxol	0.00213	5354.5	5083.5	4060.5	9420.002
HCC2185	TNBC	Luminal	Taxol	0.00213	6051.6667	6163	4257.5	9421.002
HCC2185	TNBC	Luminal	Taxol	0.0107	4394.1667	5873.1667	3987	7848.002
HCC2185	TNBC	Luminal	Taxol	0.0107	4261.3333	5613.6667	3827.5	7849.002
HCC2185	TNBC	Luminal	Taxol	0.0107	3705.8333	5083.5	4060.5	9420.002
HCC2185	TNBC	Luminal	Taxol	0.0107	4106.3333	6163	4257.5	9421.002
HCC2185	TNBC	Luminal	Taxol	0.0533	3211.8333	5873.1667	3987	7848.002
HCC2185	TNBC	Luminal	Taxol	0.0533	3247.6667	5613.6667	3827.5	7849.002
HCC2185	TNBC	Luminal	Taxol	0.0533	3122.8333	5083.5	4060.5	9420.002
HCC2185	TNBC	Luminal	Taxol	0.0533	3244.3333	6163	4257.5	9421.002
HCC2185	TNBC	Luminal	Taxol	0.267	2985.8333	5873.1667	3987	7848.002
HCC2185	TNBC	Luminal	Taxol	0.267	3456.6667	5613.6667	3827.5	7849.002
HCC2185	TNBC	Luminal	Taxol	0.267	3183.1667	5083.5	4060.5	9420.002
HCC2185	TNBC	Luminal	Taxol	0.267	3428	6163	4257.5	9421.002
HCC2185	TNBC	Luminal	Taxol	1.33	3243.8333	5873.1667	3987	7848.002
HCC2185	TNBC	Luminal	Taxol	1.33	3448	5613.6667	3827.5	7849.002
HCC2185	TNBC	Luminal	Taxol	1.33	3505.5	5083.5	4060.5	9420.002
HCC2185	TNBC	Luminal	Taxol	1.33	3495.3333	6163	4257.5	9421.002
HCC2185	TNBC	Luminal	Taxol	6.67	3513.1667	5873.1667	3987	7848.002
HCC2185	TNBC	Luminal	Taxol	6.67	3508	5613.6667	3827.5	7849.002
HCC2185	TNBC	Luminal	Taxol	6.67	3251.8333	5083.5	4060.5	9420.002
HCC2185	TNBC	Luminal	Taxol	6.67	3330	6163	4257.5	9421.002
HCC2185	TNBC	Luminal	Taxol	33.3	3166.5	5873.1667	3987	7848.002
HCC2185	TNBC	Luminal	Taxol	33.3	3526.6667	5613.6667	3827.5	7849.002
HCC2185	TNBC	Luminal	Taxol	33.3	3247.8333	5083.5	4060.5	9420.002
HCC2185	TNBC	Luminal	Taxol	33.3	3293.3333	6163	4257.5	9421.002
HCC3153	TNBC	Basal A	Taxol	8.53e-05	13012.5	12899.1667	1698.5	7853.002
HCC3153	TNBC	Basal A	Taxol	8.53e-05	6373.3333	6021.3333	3287.5	10056.002
HCC3153	TNBC	Basal A	Taxol	0.000427	12432.5	12899.1667	1698.5	7853.002
HCC3153	TNBC	Basal A	Taxol	0.000427	5959	6021.3333	3287.5	10056.002
HCC3153	TNBC	Basal A	Taxol	0.00213	12882.5	12899.1667	1698.5	7853.002
HCC3153	TNBC	Basal A	Taxol	0.00213	6281.6667	6021.3333	3287.5	10056.002
HCC3153	TNBC	Basal A	Taxol	0.0107	10965.8333	12899.1667	1698.5	7853.002
HCC3153	TNBC	Basal A	Taxol	0.0107	5457.6667	6021.3333	3287.5	10056.002
HCC3153	TNBC	Basal A	Taxol	0.0533	8899.5	12899.1667	1698.5	7853.002
HCC3153	TNBC	Basal A	Taxol	0.0533	2529	6021.3333	3287.5	10056.002
HCC3153	TNBC	Basal A	Taxol	0.267	7520.5	12899.1667	1698.5	7853.002
HCC3153	TNBC	Basal A	Taxol	0.267	1963.6667	6021.3333	3287.5	10056.002
HCC3153	TNBC	Basal A	Taxol	1.33	7965.1667	12899.1667	1698.5	7853.002
HCC3153	TNBC	Basal A	Taxol	1.33	1936	6021.3333	3287.5	10056.002
HCC3153	TNBC	Basal A	Taxol	6.67	7673.1667	12899.1667	1698.5	7853.002
HCC3153	TNBC	Basal A	Taxol	6.67	1934	6021.3333	3287.5	10056.002
HCC3153	TNBC	Basal A	Taxol	33.3	7697.1667	12899.1667	1698.5	7853.002
HCC3153	TNBC	Basal A	Taxol	33.3	1878	6021.3333	3287.5	10056.002
HCC38	TNBC	Basal B	Taxol	8.53e-05	4528.8333	4649.5	1934	9453.002
HCC38	TNBC	Basal B	Taxol	8.53e-05	4632.6667	4823.6667	2167.5	9469.002
HCC38	TNBC	Basal B	Taxol	0.000427	4356.5	4649.5	1934	9453.002
HCC38	TNBC	Basal B	Taxol	0.000427	4891.3333	4823.6667	2167.5	9469.002
HCC38	TNBC	Basal B	Taxol	0.00213	4375.5	4649.5	1934	9453.002
HCC38	TNBC	Basal B	Taxol	0.00213	4659	4823.6667	2167.5	9469.002
HCC38	TNBC	Basal B	Taxol	0.0107	2446.8333	4649.5	1934	9453.002
HCC38	TNBC	Basal B	Taxol	0.0107	2575.3333	4823.6667	2167.5	9469.002
HCC38	TNBC	Basal B	Taxol	0.0533	861.8333	4649.5	1934	9453.002
HCC38	TNBC	Basal B	Taxol	0.0533	1002.6667	4823.6667	2167.5	9469.002
HCC38	TNBC	Basal B	Taxol	0.267	764.1667	4649.5	1934	9453.002
HCC38	TNBC	Basal B	Taxol	0.267	989.3333	4823.6667	2167.5	9469.002
HCC38	TNBC	Basal B	Taxol	1.33	753.8333	4649.5	1934	9453.002
HCC38	TNBC	Basal B	Taxol	1.33	1060.6667	4823.6667	2167.5	9469.002
HCC38	TNBC	Basal B	Taxol	6.67	686.8333	4649.5	1934	9453.002
HCC38	TNBC	Basal B	Taxol	6.67	890.6667	4823.6667	2167.5	9469.002
HCC38	TNBC	Basal B	Taxol	33.3	653.8333	4649.5	1934	9453.002
HCC38	TNBC	Basal B	Taxol	33.3	743	4823.6667	2167.5	9469.002
HCC70	TNBC	Basal A	Taxol	8.53e-05	9377.8333	9003.5	3940.5	7857.002
HCC70	TNBC	Basal A	Taxol	8.53e-05	6607.6667	6582.3333	3272.5	9501.002
HCC70	TNBC	Basal A	Taxol	8.53e-05	5962	5480.3333	4060	12714.002
HCC70	TNBC	Basal A	Taxol	0.000427	9054.1667	9003.5	3940.5	7857.002
HCC70	TNBC	Basal A	Taxol	0.000427	6539	6582.3333	3272.5	9501.002
HCC70	TNBC	Basal A	Taxol	0.000427	5487.6667	5480.3333	4060	12714.002
HCC70	TNBC	Basal A	Taxol	0.00213	9038.5	9003.5	3940.5	7857.002
HCC70	TNBC	Basal A	Taxol	0.00213	6322	6582.3333	3272.5	9501.002
HCC70	TNBC	Basal A	Taxol	0.00213	5844.6667	5480.3333	4060	12714.002
HCC70	TNBC	Basal A	Taxol	0.0107	5782.8333	9003.5	3940.5	7857.002
HCC70	TNBC	Basal A	Taxol	0.0107	4109.3333	6582.3333	3272.5	9501.002
HCC70	TNBC	Basal A	Taxol	0.0107	4057.6667	5480.3333	4060	12714.002
HCC70	TNBC	Basal A	Taxol	0.0533	2258.5	9003.5	3940.5	7857.002
HCC70	TNBC	Basal A	Taxol	0.0533	1697	6582.3333	3272.5	9501.002
HCC70	TNBC	Basal A	Taxol	0.0533	1610	5480.3333	4060	12714.002
HCC70	TNBC	Basal A	Taxol	0.267	1783.1667	9003.5	3940.5	7857.002
HCC70	TNBC	Basal A	Taxol	0.267	1188	6582.3333	3272.5	9501.002
HCC70	TNBC	Basal A	Taxol	0.267	1532.6667	5480.3333	4060	12714.002
HCC70	TNBC	Basal A	Taxol	1.33	2125.1667	9003.5	3940.5	7857.002
HCC70	TNBC	Basal A	Taxol	1.33	1250	6582.3333	3272.5	9501.002
HCC70	TNBC	Basal A	Taxol	1.33	1328.3333	5480.3333	4060	12714.002
HCC70	TNBC	Basal A	Taxol	6.67	2254.5	9003.5	3940.5	7857.002
HCC70	TNBC	Basal A	Taxol	6.67	1033.3333	6582.3333	3272.5	9501.002
HCC70	TNBC	Basal A	Taxol	6.67	1398.6667	5480.3333	4060	12714.002
HCC70	TNBC	Basal A	Taxol	33.3	2059.1667	9003.5	3940.5	7857.002
HCC70	TNBC	Basal A	Taxol	33.3	1255.3333	6582.3333	3272.5	9501.002
HCC70	TNBC	Basal A	Taxol	33.3	1443	5480.3333	4060	12714.002
HMT-3522 S1	Unknown	Unknown	Taxol	8.53e-05	3825.6667	3191	755	10124.002
HMT-3522 S1	Unknown	Unknown	Taxol	0.000427	3187	3191	755	10124.002
HMT-3522 S1	Unknown	Unknown	Taxol	0.00213	3187.6667	3191	755	10124.002
HMT-3522 S1	Unknown	Unknown	Taxol	0.0107	2199.6667	3191	755	10124.002
HMT-3522 S1	Unknown	Unknown	Taxol	0.0533	1113.3333	3191	755	10124.002
HMT-3522 S1	Unknown	Unknown	Taxol	0.267	1030	3191	755	10124.002
HMT-3522 S1	Unknown	Unknown	Taxol	1.33	1104.6667	3191	755	10124.002
HMT-3522 S1	Unknown	Unknown	Taxol	6.67	933	3191	755	10124.002
HMT-3522 S1	Unknown	Unknown	Taxol	33.3	883.3333	3191	755	10124.002
HMT-3522 T4-2	Unknown	Unknown	Taxol	8.53e-05	4274.8333	4399.1667	1127.5	10147.002
HMT-3522 T4-2	Unknown	Unknown	Taxol	0.000427	4738.5	4399.1667	1127.5	10147.002
HMT-3522 T4-2	Unknown	Unknown	Taxol	0.00213	4484.1667	4399.1667	1127.5	10147.002
HMT-3522 T4-2	Unknown	Unknown	Taxol	0.0107	1450.5	4399.1667	1127.5	10147.002
HMT-3522 T4-2	Unknown	Unknown	Taxol	0.0533	476.1667	4399.1667	1127.5	10147.002
HMT-3522 T4-2	Unknown	Unknown	Taxol	0.267	455.1667	4399.1667	1127.5	10147.002
HMT-3522 T4-2	Unknown	Unknown	Taxol	1.33	481.8333	4399.1667	1127.5	10147.002
HMT-3522 T4-2	Unknown	Unknown	Taxol	6.67	533.8333	4399.1667	1127.5	10147.002
HMT-3522 T4-2	Unknown	Unknown	Taxol	33.3	459.8333	4399.1667	1127.5	10147.002
Hs 578T	TNBC	Basal B	Taxol	8.53e-05	4704.3333	5361	1779.5	7864.002
Hs 578T	TNBC	Basal B	Taxol	8.53e-05	7563.6667	7223.6667	3153	9511.002
Hs 578T	TNBC	Basal B	Taxol	0.000427	5160.6667	5361	1779.5	7864.002
Hs 578T	TNBC	Basal B	Taxol	0.000427	7360	7223.6667	3153	9511.002
Hs 578T	TNBC	Basal B	Taxol	0.00213	4168.6667	5361	1779.5	7864.002
Hs 578T	TNBC	Basal B	Taxol	0.00213	6377.3333	7223.6667	3153	9511.002
Hs 578T	TNBC	Basal B	Taxol	0.0107	2204.6667	5361	1779.5	7864.002
Hs 578T	TNBC	Basal B	Taxol	0.0107	2630	7223.6667	3153	9511.002
Hs 578T	TNBC	Basal B	Taxol	0.0533	1007.3333	5361	1779.5	7864.002
Hs 578T	TNBC	Basal B	Taxol	0.0533	1485.6667	7223.6667	3153	9511.002
Hs 578T	TNBC	Basal B	Taxol	0.267	821	5361	1779.5	7864.002
Hs 578T	TNBC	Basal B	Taxol	0.267	1322	7223.6667	3153	9511.002
Hs 578T	TNBC	Basal B	Taxol	1.33	698.6667	5361	1779.5	7864.002
Hs 578T	TNBC	Basal B	Taxol	1.33	1299	7223.6667	3153	9511.002
Hs 578T	TNBC	Basal B	Taxol	6.67	586.6667	5361	1779.5	7864.002
Hs 578T	TNBC	Basal B	Taxol	6.67	1049.3333	7223.6667	3153	9511.002
Hs 578T	TNBC	Basal B	Taxol	33.3	567.3333	5361	1779.5	7864.002
Hs 578T	TNBC	Basal B	Taxol	33.3	780.3333	7223.6667	3153	9511.002
LY2	HR+	Luminal	Taxol	8.53e-05	9035.5	8658.5	3367	9536.002
LY2	HR+	Luminal	Taxol	8.53e-05	7379.6667	6492	2757	10264.002
LY2	HR+	Luminal	Taxol	0.000427	8814.8333	8658.5	3367	9536.002
LY2	HR+	Luminal	Taxol	0.000427	7159.3333	6492	2757	10264.002
LY2	HR+	Luminal	Taxol	0.00213	8930.1667	8658.5	3367	9536.002
LY2	HR+	Luminal	Taxol	0.00213	6942	6492	2757	10264.002
LY2	HR+	Luminal	Taxol	0.0107	5848.1667	8658.5	3367	9536.002
LY2	HR+	Luminal	Taxol	0.0107	4610	6492	2757	10264.002
LY2	HR+	Luminal	Taxol	0.0533	2416.5	8658.5	3367	9536.002
LY2	HR+	Luminal	Taxol	0.0533	3366	6492	2757	10264.002
LY2	HR+	Luminal	Taxol	0.267	2433.8333	8658.5	3367	9536.002
LY2	HR+	Luminal	Taxol	0.267	3228.3333	6492	2757	10264.002
LY2	HR+	Luminal	Taxol	1.33	2161.8333	8658.5	3367	9536.002
LY2	HR+	Luminal	Taxol	1.33	3273.6667	6492	2757	10264.002
LY2	HR+	Luminal	Taxol	6.67	1969.8333	8658.5	3367	9536.002
LY2	HR+	Luminal	Taxol	6.67	2986	6492	2757	10264.002
LY2	HR+	Luminal	Taxol	33.3	1731.1667	8658.5	3367	9536.002
LY2	HR+	Luminal	Taxol	33.3	2213.3333	6492	2757	10264.002
MCF 10A	NM	Basal B	Taxol	8.53e-05	5452.8333	5342.5	1029	7867.002
MCF 10A	NM	Basal B	Taxol	8.53e-05	6070.8333	6159.8333	1131.5	7870.002
MCF 10A	NM	Basal B	Taxol	8.53e-05	8805	8170.3333	1381.5	9551.002
MCF 10A	NM	Basal B	Taxol	8.53e-05	3485.3333	3763.6667	585	12944.002
MCF 10A	NM	Basal B	Taxol	0.000427	5223.1667	5342.5	1029	7867.002
MCF 10A	NM	Basal B	Taxol	0.000427	6205.8333	6159.8333	1131.5	7870.002
MCF 10A	NM	Basal B	Taxol	0.000427	8089.6667	8170.3333	1381.5	9551.002
MCF 10A	NM	Basal B	Taxol	0.000427	4044.6667	3763.6667	585	12944.002
MCF 10A	NM	Basal B	Taxol	0.00213	5245.5	5342.5	1029	7867.002
MCF 10A	NM	Basal B	Taxol	0.00213	5875.1667	6159.8333	1131.5	7870.002
MCF 10A	NM	Basal B	Taxol	0.00213	8552	8170.3333	1381.5	9551.002
MCF 10A	NM	Basal B	Taxol	0.00213	3580.3333	3763.6667	585	12944.002
MCF 10A	NM	Basal B	Taxol	0.0107	2497.8333	5342.5	1029	7867.002
MCF 10A	NM	Basal B	Taxol	0.0107	3162.5	6159.8333	1131.5	7870.002
MCF 10A	NM	Basal B	Taxol	0.0107	3201.3333	8170.3333	1381.5	9551.002
MCF 10A	NM	Basal B	Taxol	0.0107	1945.3333	3763.6667	585	12944.002
MCF 10A	NM	Basal B	Taxol	0.0533	1222.1667	5342.5	1029	7867.002
MCF 10A	NM	Basal B	Taxol	0.0533	1361.8333	6159.8333	1131.5	7870.002
MCF 10A	NM	Basal B	Taxol	0.0533	1008.3333	8170.3333	1381.5	9551.002
MCF 10A	NM	Basal B	Taxol	0.0533	635.6667	3763.6667	585	12944.002
MCF 10A	NM	Basal B	Taxol	0.267	1021.1667	5342.5	1029	7867.002
MCF 10A	NM	Basal B	Taxol	0.267	1053.5	6159.8333	1131.5	7870.002
MCF 10A	NM	Basal B	Taxol	0.267	629.6667	8170.3333	1381.5	9551.002
MCF 10A	NM	Basal B	Taxol	0.267	566.6667	3763.6667	585	12944.002
MCF 10A	NM	Basal B	Taxol	1.33	921.1667	5342.5	1029	7867.002
MCF 10A	NM	Basal B	Taxol	1.33	1011.5	6159.8333	1131.5	7870.002
MCF 10A	NM	Basal B	Taxol	1.33	655	8170.3333	1381.5	9551.002
MCF 10A	NM	Basal B	Taxol	1.33	515.6667	3763.6667	585	12944.002
MCF 10A	NM	Basal B	Taxol	6.67	896.5	5342.5	1029	7867.002
MCF 10A	NM	Basal B	Taxol	6.67	1071.8333	6159.8333	1131.5	7870.002
MCF 10A	NM	Basal B	Taxol	6.67	531.3333	8170.3333	1381.5	9551.002
MCF 10A	NM	Basal B	Taxol	6.67	513	3763.6667	585	12944.002
MCF 10A	NM	Basal B	Taxol	33.3	834.8333	5342.5	1029	7867.002
MCF 10A	NM	Basal B	Taxol	33.3	950.1667	6159.8333	1131.5	7870.002
MCF 10A	NM	Basal B	Taxol	33.3	645	8170.3333	1381.5	9551.002
MCF 10A	NM	Basal B	Taxol	33.3	541	3763.6667	585	12944.002
MCF 10F	NM	-	Taxol	8.53e-05	4130.3333	4148	968.5	9566.002
MCF 10F	NM	-	Taxol	0.000427	4142	4148	968.5	9566.002
MCF 10F	NM	-	Taxol	0.00213	3971	4148	968.5	9566.002
MCF 10F	NM	-	Taxol	0.0107	2048.3333	4148	968.5	9566.002
MCF 10F	NM	-	Taxol	0.0533	1217	4148	968.5	9566.002
MCF 10F	NM	-	Taxol	0.267	973.6667	4148	968.5	9566.002
MCF 10F	NM	-	Taxol	1.33	1001	4148	968.5	9566.002
MCF 10F	NM	-	Taxol	6.67	943.3333	4148	968.5	9566.002
MCF 10F	NM	-	Taxol	33.3	980.3333	4148	968.5	9566.002
MCF12A	NM	Basal B	Taxol	8.53e-05	8345.5	7893.1667	1928.5	7873.002
MCF12A	NM	Basal B	Taxol	8.53e-05	11390.6667	11372.6667	3098.5	10061.002
MCF12A	NM	Basal B	Taxol	8.53e-05	5174.3333	5669.6667	1687.5	12949.002
MCF12A	NM	Basal B	Taxol	0.000427	7810.1667	7893.1667	1928.5	7873.002
MCF12A	NM	Basal B	Taxol	0.000427	11237.6667	11372.6667	3098.5	10061.002
MCF12A	NM	Basal B	Taxol	0.000427	5698.6667	5669.6667	1687.5	12949.002
MCF12A	NM	Basal B	Taxol	0.00213	8247.8333	7893.1667	1928.5	7873.002
MCF12A	NM	Basal B	Taxol	0.00213	11949.3333	11372.6667	3098.5	10061.002
MCF12A	NM	Basal B	Taxol	0.00213	5733.3333	5669.6667	1687.5	12949.002
MCF12A	NM	Basal B	Taxol	0.0107	4594.8333	7893.1667	1928.5	7873.002
MCF12A	NM	Basal B	Taxol	0.0107	7923.3333	11372.6667	3098.5	10061.002
MCF12A	NM	Basal B	Taxol	0.0107	3669	5669.6667	1687.5	12949.002
MCF12A	NM	Basal B	Taxol	0.0533	1708.8333	7893.1667	1928.5	7873.002
MCF12A	NM	Basal B	Taxol	0.0533	6245.3333	11372.6667	3098.5	10061.002
MCF12A	NM	Basal B	Taxol	0.0533	1660.6667	5669.6667	1687.5	12949.002
MCF12A	NM	Basal B	Taxol	0.267	2089.8333	7893.1667	1928.5	7873.002
MCF12A	NM	Basal B	Taxol	0.267	6228	11372.6667	3098.5	10061.002
MCF12A	NM	Basal B	Taxol	0.267	1776	5669.6667	1687.5	12949.002
MCF12A	NM	Basal B	Taxol	1.33	1962.8333	7893.1667	1928.5	7873.002
MCF12A	NM	Basal B	Taxol	1.33	6111.6667	11372.6667	3098.5	10061.002
MCF12A	NM	Basal B	Taxol	1.33	1712.6667	5669.6667	1687.5	12949.002
MCF12A	NM	Basal B	Taxol	6.67	1761.8333	7893.1667	1928.5	7873.002
MCF12A	NM	Basal B	Taxol	6.67	5074	11372.6667	3098.5	10061.002
MCF12A	NM	Basal B	Taxol	6.67	1894.3333	5669.6667	1687.5	12949.002
MCF12A	NM	Basal B	Taxol	33.3	1629.5	7893.1667	1928.5	7873.002
MCF12A	NM	Basal B	Taxol	33.3	4021.3333	11372.6667	3098.5	10061.002
MCF12A	NM	Basal B	Taxol	33.3	1765	5669.6667	1687.5	12949.002
MCF7	HR+	Luminal	Taxol	8.53e-05	4371.5	4276.5	1206	7875.002
MCF7	HR+	Luminal	Taxol	8.53e-05	10013.6667	9726.3333	4064	9583.002
MCF7	HR+	Luminal	Taxol	8.53e-05	11477.1667	11143.5	6506.5	10073.002
MCF7	HR+	Luminal	Taxol	0.000427	4208.8333	4276.5	1206	7875.002
MCF7	HR+	Luminal	Taxol	0.000427	9469	9726.3333	4064	9583.002
MCF7	HR+	Luminal	Taxol	0.000427	11192.1667	11143.5	6506.5	10073.002
MCF7	HR+	Luminal	Taxol	0.00213	4203.5	4276.5	1206	7875.002
MCF7	HR+	Luminal	Taxol	0.00213	9362	9726.3333	4064	9583.002
MCF7	HR+	Luminal	Taxol	0.00213	11094.1667	11143.5	6506.5	10073.002
MCF7	HR+	Luminal	Taxol	0.0107	2589.1667	4276.5	1206	7875.002
MCF7	HR+	Luminal	Taxol	0.0107	7614.3333	9726.3333	4064	9583.002
MCF7	HR+	Luminal	Taxol	0.0107	9595.1667	11143.5	6506.5	10073.002
MCF7	HR+	Luminal	Taxol	0.0533	1789.8333	4276.5	1206	7875.002
MCF7	HR+	Luminal	Taxol	0.0533	4989.3333	9726.3333	4064	9583.002
MCF7	HR+	Luminal	Taxol	0.0533	8016.1667	11143.5	6506.5	10073.002
MCF7	HR+	Luminal	Taxol	0.267	1630.5	4276.5	1206	7875.002
MCF7	HR+	Luminal	Taxol	0.267	4574	9726.3333	4064	9583.002
MCF7	HR+	Luminal	Taxol	0.267	8137.1667	11143.5	6506.5	10073.002
MCF7	HR+	Luminal	Taxol	1.33	1540.5	4276.5	1206	7875.002
MCF7	HR+	Luminal	Taxol	1.33	4841.3333	9726.3333	4064	9583.002
MCF7	HR+	Luminal	Taxol	1.33	7757.5	11143.5	6506.5	10073.002
MCF7	HR+	Luminal	Taxol	6.67	1475.1667	4276.5	1206	7875.002
MCF7	HR+	Luminal	Taxol	6.67	4678	9726.3333	4064	9583.002
MCF7	HR+	Luminal	Taxol	6.67	7509.5	11143.5	6506.5	10073.002
MCF7	HR+	Luminal	Taxol	33.3	1386.8333	4276.5	1206	7875.002
MCF7	HR+	Luminal	Taxol	33.3	4452	9726.3333	4064	9583.002
MCF7	HR+	Luminal	Taxol	33.3	7175.8333	11143.5	6506.5	10073.002
MDA-MB-134-VI	HR+	Luminal	Taxol	8.53e-05	4953.3333	4721	2197	7876.002
MDA-MB-134-VI	HR+	Luminal	Taxol	8.53e-05	1997.5	1849.8333	1369	10077.002
MDA-MB-134-VI	HR+	Luminal	Taxol	8.53e-05	3242.6667	2950.3333	2336.5	10265.002
MDA-MB-134-VI	HR+	Luminal	Taxol	0.000427	4513	4721	2197	7876.002
MDA-MB-134-VI	HR+	Luminal	Taxol	0.000427	1705.8333	1849.8333	1369	10077.002
MDA-MB-134-VI	HR+	Luminal	Taxol	0.000427	2746.3333	2950.3333	2336.5	10265.002
MDA-MB-134-VI	HR+	Luminal	Taxol	0.00213	4807.3333	4721	2197	7876.002
MDA-MB-134-VI	HR+	Luminal	Taxol	0.00213	2010.5	1849.8333	1369	10077.002
MDA-MB-134-VI	HR+	Luminal	Taxol	0.00213	3151	2950.3333	2336.5	10265.002
MDA-MB-134-VI	HR+	Luminal	Taxol	0.0107	3079.3333	4721	2197	7876.002
MDA-MB-134-VI	HR+	Luminal	Taxol	0.0107	1667.5	1849.8333	1369	10077.002
MDA-MB-134-VI	HR+	Luminal	Taxol	0.0107	2459	2950.3333	2336.5	10265.002
MDA-MB-134-VI	HR+	Luminal	Taxol	0.0533	1673.3333	4721	2197	7876.002
MDA-MB-134-VI	HR+	Luminal	Taxol	0.0533	1623.8333	1849.8333	1369	10077.002
MDA-MB-134-VI	HR+	Luminal	Taxol	0.0533	2354.6667	2950.3333	2336.5	10265.002
MDA-MB-134-VI	HR+	Luminal	Taxol	0.267	1509.3333	4721	2197	7876.002
MDA-MB-134-VI	HR+	Luminal	Taxol	0.267	1479.1667	1849.8333	1369	10077.002
MDA-MB-134-VI	HR+	Luminal	Taxol	0.267	2035.3333	2950.3333	2336.5	10265.002
MDA-MB-134-VI	HR+	Luminal	Taxol	1.33	1501.6667	4721	2197	7876.002
MDA-MB-134-VI	HR+	Luminal	Taxol	1.33	1498.8333	1849.8333	1369	10077.002
MDA-MB-134-VI	HR+	Luminal	Taxol	1.33	2054.6667	2950.3333	2336.5	10265.002
MDA-MB-134-VI	HR+	Luminal	Taxol	6.67	1492	4721	2197	7876.002
MDA-MB-134-VI	HR+	Luminal	Taxol	6.67	1481.8333	1849.8333	1369	10077.002
MDA-MB-134-VI	HR+	Luminal	Taxol	6.67	2133.3333	2950.3333	2336.5	10265.002
MDA-MB-134-VI	HR+	Luminal	Taxol	33.3	1589	4721	2197	7876.002
MDA-MB-134-VI	HR+	Luminal	Taxol	33.3	1294.8333	1849.8333	1369	10077.002
MDA-MB-134-VI	HR+	Luminal	Taxol	33.3	2067.6667	2950.3333	2336.5	10265.002
MDA-MB-157	TNBC	Basal B	Taxol	8.53e-05	5132.6667	5338	2802.5	10093.002
MDA-MB-157	TNBC	Basal B	Taxol	0.000427	5310	5338	2802.5	10093.002
MDA-MB-157	TNBC	Basal B	Taxol	0.00213	5087.6667	5338	2802.5	10093.002
MDA-MB-157	TNBC	Basal B	Taxol	0.0107	2278	5338	2802.5	10093.002
MDA-MB-157	TNBC	Basal B	Taxol	0.0533	1027	5338	2802.5	10093.002
MDA-MB-157	TNBC	Basal B	Taxol	0.267	569	5338	2802.5	10093.002
MDA-MB-157	TNBC	Basal B	Taxol	1.33	577.3333	5338	2802.5	10093.002
MDA-MB-157	TNBC	Basal B	Taxol	6.67	673.6667	5338	2802.5	10093.002
MDA-MB-157	TNBC	Basal B	Taxol	33.3	572	5338	2802.5	10093.002
MDA-MB-175-VII	HR+	Luminal	Taxol	8.53e-05	4494.3333	4662	2848	7885.002
MDA-MB-175-VII	HR+	Luminal	Taxol	8.53e-05	3977.6667	3794.6667	2308	7886.002
MDA-MB-175-VII	HR+	Luminal	Taxol	0.000427	4602.6667	4662	2848	7885.002
MDA-MB-175-VII	HR+	Luminal	Taxol	0.000427	3807.6667	3794.6667	2308	7886.002
MDA-MB-175-VII	HR+	Luminal	Taxol	0.00213	4548	4662	2848	7885.002
MDA-MB-175-VII	HR+	Luminal	Taxol	0.00213	3926.3333	3794.6667	2308	7886.002
MDA-MB-175-VII	HR+	Luminal	Taxol	0.0107	3987.3333	4662	2848	7885.002
MDA-MB-175-VII	HR+	Luminal	Taxol	0.0107	3383.3333	3794.6667	2308	7886.002
MDA-MB-175-VII	HR+	Luminal	Taxol	0.0533	3590	4662	2848	7885.002
MDA-MB-175-VII	HR+	Luminal	Taxol	0.0533	2804.6667	3794.6667	2308	7886.002
MDA-MB-175-VII	HR+	Luminal	Taxol	0.267	3347.3333	4662	2848	7885.002
MDA-MB-175-VII	HR+	Luminal	Taxol	0.267	2772	3794.6667	2308	7886.002
MDA-MB-175-VII	HR+	Luminal	Taxol	1.33	3518.3333	4662	2848	7885.002
MDA-MB-175-VII	HR+	Luminal	Taxol	1.33	2976.3333	3794.6667	2308	7886.002
MDA-MB-175-VII	HR+	Luminal	Taxol	6.67	3196.6667	4662	2848	7885.002
MDA-MB-175-VII	HR+	Luminal	Taxol	6.67	2718.3333	3794.6667	2308	7886.002
MDA-MB-175-VII	HR+	Luminal	Taxol	33.3	3380.3333	4662	2848	7885.002
MDA-MB-175-VII	HR+	Luminal	Taxol	33.3	2799.6667	3794.6667	2308	7886.002
MDA-MB-231	TNBC	Basal B	Taxol	8.53e-05	3587.8333	3535.8333	661	7892.002
MDA-MB-231	TNBC	Basal B	Taxol	8.53e-05	4179.1667	4383.1667	862.5	7893.002
MDA-MB-231	TNBC	Basal B	Taxol	0.000427	3789.8333	3535.8333	661	7892.002
MDA-MB-231	TNBC	Basal B	Taxol	0.000427	4393.5	4383.1667	862.5	7893.002
MDA-MB-231	TNBC	Basal B	Taxol	0.00213	3415.1667	3535.8333	661	7892.002
MDA-MB-231	TNBC	Basal B	Taxol	0.00213	3789.1667	4383.1667	862.5	7893.002
MDA-MB-231	TNBC	Basal B	Taxol	0.0107	2187.5	3535.8333	661	7892.002
MDA-MB-231	TNBC	Basal B	Taxol	0.0107	2163.8333	4383.1667	862.5	7893.002
MDA-MB-231	TNBC	Basal B	Taxol	0.0533	1164.5	3535.8333	661	7892.002
MDA-MB-231	TNBC	Basal B	Taxol	0.0533	1479.5	4383.1667	862.5	7893.002
MDA-MB-231	TNBC	Basal B	Taxol	0.267	833.1667	3535.8333	661	7892.002
MDA-MB-231	TNBC	Basal B	Taxol	0.267	1045.8333	4383.1667	862.5	7893.002
MDA-MB-231	TNBC	Basal B	Taxol	1.33	770.8333	3535.8333	661	7892.002
MDA-MB-231	TNBC	Basal B	Taxol	1.33	1089.8333	4383.1667	862.5	7893.002
MDA-MB-231	TNBC	Basal B	Taxol	6.67	752.5	3535.8333	661	7892.002
MDA-MB-231	TNBC	Basal B	Taxol	6.67	1065.1667	4383.1667	862.5	7893.002
MDA-MB-231	TNBC	Basal B	Taxol	33.3	597.5	3535.8333	661	7892.002
MDA-MB-231	TNBC	Basal B	Taxol	33.3	598.8333	4383.1667	862.5	7893.002
MDA-MB-361	HER2amp	Luminal	Taxol	8.53e-05	9384.8333	8878.8333	4017.5	7896.002
MDA-MB-361	HER2amp	Luminal	Taxol	8.53e-05	6463.6667	6031.3333	3853	9648.002
MDA-MB-361	HER2amp	Luminal	Taxol	8.53e-05	5002.1667	4950.1667	2571	10095.002
MDA-MB-361	HER2amp	Luminal	Taxol	8.53e-05	2968.5	2930.1667	1929.5	12989.002
MDA-MB-361	HER2amp	Luminal	Taxol	0.000427	9056.8333	8878.8333	4017.5	7896.002
MDA-MB-361	HER2amp	Luminal	Taxol	0.000427	6070.3333	6031.3333	3853	9648.002
MDA-MB-361	HER2amp	Luminal	Taxol	0.000427	4816.1667	4950.1667	2571	10095.002
MDA-MB-361	HER2amp	Luminal	Taxol	0.000427	2823.8333	2930.1667	1929.5	12989.002
MDA-MB-361	HER2amp	Luminal	Taxol	0.00213	9564.1667	8878.8333	4017.5	7896.002
MDA-MB-361	HER2amp	Luminal	Taxol	0.00213	6182	6031.3333	3853	9648.002
MDA-MB-361	HER2amp	Luminal	Taxol	0.00213	5055.1667	4950.1667	2571	10095.002
MDA-MB-361	HER2amp	Luminal	Taxol	0.00213	3024.1667	2930.1667	1929.5	12989.002
MDA-MB-361	HER2amp	Luminal	Taxol	0.0107	7342.5	8878.8333	4017.5	7896.002
MDA-MB-361	HER2amp	Luminal	Taxol	0.0107	4569.3333	6031.3333	3853	9648.002
MDA-MB-361	HER2amp	Luminal	Taxol	0.0107	3691.5	4950.1667	2571	10095.002
MDA-MB-361	HER2amp	Luminal	Taxol	0.0107	2835.8333	2930.1667	1929.5	12989.002
MDA-MB-361	HER2amp	Luminal	Taxol	0.0533	4348.1667	8878.8333	4017.5	7896.002
MDA-MB-361	HER2amp	Luminal	Taxol	0.0533	3488.6667	6031.3333	3853	9648.002
MDA-MB-361	HER2amp	Luminal	Taxol	0.0533	2666.8333	4950.1667	2571	10095.002
MDA-MB-361	HER2amp	Luminal	Taxol	0.0533	1718.1667	2930.1667	1929.5	12989.002
MDA-MB-361	HER2amp	Luminal	Taxol	0.267	3594.1667	8878.8333	4017.5	7896.002
MDA-MB-361	HER2amp	Luminal	Taxol	0.267	2975.3333	6031.3333	3853	9648.002
MDA-MB-361	HER2amp	Luminal	Taxol	0.267	1996.8333	4950.1667	2571	10095.002
MDA-MB-361	HER2amp	Luminal	Taxol	0.267	1629.8333	2930.1667	1929.5	12989.002
MDA-MB-361	HER2amp	Luminal	Taxol	1.33	3143.8333	8878.8333	4017.5	7896.002
MDA-MB-361	HER2amp	Luminal	Taxol	1.33	2843.3333	6031.3333	3853	9648.002
MDA-MB-361	HER2amp	Luminal	Taxol	1.33	2174.1667	4950.1667	2571	10095.002
MDA-MB-361	HER2amp	Luminal	Taxol	1.33	1678.5	2930.1667	1929.5	12989.002
MDA-MB-361	HER2amp	Luminal	Taxol	6.67	2959.1667	8878.8333	4017.5	7896.002
MDA-MB-361	HER2amp	Luminal	Taxol	6.67	2708	6031.3333	3853	9648.002
MDA-MB-361	HER2amp	Luminal	Taxol	6.67	2036.8333	4950.1667	2571	10095.002
MDA-MB-361	HER2amp	Luminal	Taxol	6.67	1663.8333	2930.1667	1929.5	12989.002
MDA-MB-361	HER2amp	Luminal	Taxol	33.3	2903.1667	8878.8333	4017.5	7896.002
MDA-MB-361	HER2amp	Luminal	Taxol	33.3	2567	6031.3333	3853	9648.002
MDA-MB-361	HER2amp	Luminal	Taxol	33.3	1833.8333	4950.1667	2571	10095.002
MDA-MB-361	HER2amp	Luminal	Taxol	33.3	1559.5	2930.1667	1929.5	12989.002
MDA-MB-415	HR+	Luminal	Taxol	8.53e-05	2265.1667	2204.1667	1233	7897.002
MDA-MB-415	HR+	Luminal	Taxol	8.53e-05	2767.1667	2811.8333	1862	9664.002
MDA-MB-415	HR+	Luminal	Taxol	8.53e-05	5576.5	5131.1667	3941.5	12959.002
MDA-MB-415	HR+	Luminal	Taxol	0.000427	2035.1667	2204.1667	1233	7897.002
MDA-MB-415	HR+	Luminal	Taxol	0.000427	2615.5	2811.8333	1862	9664.002
MDA-MB-415	HR+	Luminal	Taxol	0.000427	5191.8333	5131.1667	3941.5	12959.002
MDA-MB-415	HR+	Luminal	Taxol	0.00213	1989.8333	2204.1667	1233	7897.002
MDA-MB-415	HR+	Luminal	Taxol	0.00213	2649.5	2811.8333	1862	9664.002
MDA-MB-415	HR+	Luminal	Taxol	0.00213	5516.8333	5131.1667	3941.5	12959.002
MDA-MB-415	HR+	Luminal	Taxol	0.0107	1558.1667	2204.1667	1233	7897.002
MDA-MB-415	HR+	Luminal	Taxol	0.0107	1882.8333	2811.8333	1862	9664.002
MDA-MB-415	HR+	Luminal	Taxol	0.0107	4676.1667	5131.1667	3941.5	12959.002
MDA-MB-415	HR+	Luminal	Taxol	0.0533	1379.1667	2204.1667	1233	7897.002
MDA-MB-415	HR+	Luminal	Taxol	0.0533	1645.1667	2811.8333	1862	9664.002
MDA-MB-415	HR+	Luminal	Taxol	0.0533	3876.5	5131.1667	3941.5	12959.002
MDA-MB-415	HR+	Luminal	Taxol	0.267	1226.8333	2204.1667	1233	7897.002
MDA-MB-415	HR+	Luminal	Taxol	0.267	1317.1667	2811.8333	1862	9664.002
MDA-MB-415	HR+	Luminal	Taxol	0.267	3742.1667	5131.1667	3941.5	12959.002
MDA-MB-415	HR+	Luminal	Taxol	1.33	1318.1667	2204.1667	1233	7897.002
MDA-MB-415	HR+	Luminal	Taxol	1.33	1402.1667	2811.8333	1862	9664.002
MDA-MB-415	HR+	Luminal	Taxol	1.33	3609.5	5131.1667	3941.5	12959.002
MDA-MB-415	HR+	Luminal	Taxol	6.67	1139.1667	2204.1667	1233	7897.002
MDA-MB-415	HR+	Luminal	Taxol	6.67	1306.8333	2811.8333	1862	9664.002
MDA-MB-415	HR+	Luminal	Taxol	6.67	3641.8333	5131.1667	3941.5	12959.002
MDA-MB-415	HR+	Luminal	Taxol	33.3	1176.1667	2204.1667	1233	7897.002
MDA-MB-415	HR+	Luminal	Taxol	33.3	1348.8333	2811.8333	1862	9664.002
MDA-MB-415	HR+	Luminal	Taxol	33.3	3441.5	5131.1667	3941.5	12959.002
MDA-MB-436	TNBC	Basal B	Taxol	8.53e-05	5772	5201.3333	2372	7898.002
MDA-MB-436	TNBC	Basal B	Taxol	8.53e-05	2630.5	1787.1667	1286	7900.002
MDA-MB-436	TNBC	Basal B	Taxol	8.53e-05	2629.5	2247.5	1407	10266.002
MDA-MB-436	TNBC	Basal B	Taxol	0.000427	5049.3333	5201.3333	2372	7898.002
MDA-MB-436	TNBC	Basal B	Taxol	0.000427	1712.8333	1787.1667	1286	7900.002
MDA-MB-436	TNBC	Basal B	Taxol	0.000427	2070.1667	2247.5	1407	10266.002
MDA-MB-436	TNBC	Basal B	Taxol	0.00213	5776.3333	5201.3333	2372	7898.002
MDA-MB-436	TNBC	Basal B	Taxol	0.00213	2637.5	1787.1667	1286	7900.002
MDA-MB-436	TNBC	Basal B	Taxol	0.00213	2470.8333	2247.5	1407	10266.002
MDA-MB-436	TNBC	Basal B	Taxol	0.0107	5110	5201.3333	2372	7898.002
MDA-MB-436	TNBC	Basal B	Taxol	0.0107	1901.5	1787.1667	1286	7900.002
MDA-MB-436	TNBC	Basal B	Taxol	0.0107	1885.8333	2247.5	1407	10266.002
MDA-MB-436	TNBC	Basal B	Taxol	0.0533	2592.3333	5201.3333	2372	7898.002
MDA-MB-436	TNBC	Basal B	Taxol	0.0533	1560.1667	1787.1667	1286	7900.002
MDA-MB-436	TNBC	Basal B	Taxol	0.0533	1332.8333	2247.5	1407	10266.002
MDA-MB-436	TNBC	Basal B	Taxol	0.267	1925.3333	5201.3333	2372	7898.002
MDA-MB-436	TNBC	Basal B	Taxol	0.267	958.1667	1787.1667	1286	7900.002
MDA-MB-436	TNBC	Basal B	Taxol	0.267	1258.5	2247.5	1407	10266.002
MDA-MB-436	TNBC	Basal B	Taxol	1.33	2055.6667	5201.3333	2372	7898.002
MDA-MB-436	TNBC	Basal B	Taxol	1.33	1283.5	1787.1667	1286	7900.002
MDA-MB-436	TNBC	Basal B	Taxol	1.33	1215.8333	2247.5	1407	10266.002
MDA-MB-436	TNBC	Basal B	Taxol	6.67	2005.3333	5201.3333	2372	7898.002
MDA-MB-436	TNBC	Basal B	Taxol	6.67	943.5	1787.1667	1286	7900.002
MDA-MB-436	TNBC	Basal B	Taxol	6.67	1006.8333	2247.5	1407	10266.002
MDA-MB-436	TNBC	Basal B	Taxol	33.3	1776.3333	5201.3333	2372	7898.002
MDA-MB-436	TNBC	Basal B	Taxol	33.3	944.1667	1787.1667	1286	7900.002
MDA-MB-436	TNBC	Basal B	Taxol	33.3	739.8333	2247.5	1407	10266.002
MDA-MB-453	TNBC	Luminal	Taxol	8.53e-05	3789.6667	4024.6667	1727.5	7903.002
MDA-MB-453	TNBC	Luminal	Taxol	8.53e-05	4354.1667	3792.5	1834	9708.002
MDA-MB-453	TNBC	Luminal	Taxol	8.53e-05	5924.3333	5169.6667	2879.5	9723.002
MDA-MB-453	TNBC	Luminal	Taxol	8.53e-05	4890.1667	4675.1667	3100.5	12964.002
MDA-MB-453	TNBC	Luminal	Taxol	0.000427	3700.3333	4024.6667	1727.5	7903.002
MDA-MB-453	TNBC	Luminal	Taxol	0.000427	4022.5	3792.5	1834	9708.002
MDA-MB-453	TNBC	Luminal	Taxol	0.000427	5131.3333	5169.6667	2879.5	9723.002
MDA-MB-453	TNBC	Luminal	Taxol	0.000427	4673.5	4675.1667	3100.5	12964.002
MDA-MB-453	TNBC	Luminal	Taxol	0.00213	3921	4024.6667	1727.5	7903.002
MDA-MB-453	TNBC	Luminal	Taxol	0.00213	4322.1667	3792.5	1834	9708.002
MDA-MB-453	TNBC	Luminal	Taxol	0.00213	6022	5169.6667	2879.5	9723.002
MDA-MB-453	TNBC	Luminal	Taxol	0.00213	5016.1667	4675.1667	3100.5	12964.002
MDA-MB-453	TNBC	Luminal	Taxol	0.0107	1732.6667	4024.6667	1727.5	7903.002
MDA-MB-453	TNBC	Luminal	Taxol	0.0107	2625.1667	3792.5	1834	9708.002
MDA-MB-453	TNBC	Luminal	Taxol	0.0107	4174.6667	5169.6667	2879.5	9723.002
MDA-MB-453	TNBC	Luminal	Taxol	0.0107	3609.8333	4675.1667	3100.5	12964.002
MDA-MB-453	TNBC	Luminal	Taxol	0.0533	793.6667	4024.6667	1727.5	7903.002
MDA-MB-453	TNBC	Luminal	Taxol	0.0533	1769.8333	3792.5	1834	9708.002
MDA-MB-453	TNBC	Luminal	Taxol	0.0533	2596	5169.6667	2879.5	9723.002
MDA-MB-453	TNBC	Luminal	Taxol	0.0533	2178.8333	4675.1667	3100.5	12964.002
MDA-MB-453	TNBC	Luminal	Taxol	0.267	699.3333	4024.6667	1727.5	7903.002
MDA-MB-453	TNBC	Luminal	Taxol	0.267	1527.5	3792.5	1834	9708.002
MDA-MB-453	TNBC	Luminal	Taxol	0.267	1908	5169.6667	2879.5	9723.002
MDA-MB-453	TNBC	Luminal	Taxol	0.267	2184.5	4675.1667	3100.5	12964.002
MDA-MB-453	TNBC	Luminal	Taxol	1.33	790	4024.6667	1727.5	7903.002
MDA-MB-453	TNBC	Luminal	Taxol	1.33	1439.8333	3792.5	1834	9708.002
MDA-MB-453	TNBC	Luminal	Taxol	1.33	1844.6667	5169.6667	2879.5	9723.002
MDA-MB-453	TNBC	Luminal	Taxol	1.33	1820.8333	4675.1667	3100.5	12964.002
MDA-MB-453	TNBC	Luminal	Taxol	6.67	737	4024.6667	1727.5	7903.002
MDA-MB-453	TNBC	Luminal	Taxol	6.67	1348.1667	3792.5	1834	9708.002
MDA-MB-453	TNBC	Luminal	Taxol	6.67	1845.6667	5169.6667	2879.5	9723.002
MDA-MB-453	TNBC	Luminal	Taxol	6.67	1965.1667	4675.1667	3100.5	12964.002
MDA-MB-453	TNBC	Luminal	Taxol	33.3	988.6667	4024.6667	1727.5	7903.002
MDA-MB-453	TNBC	Luminal	Taxol	33.3	1419.8333	3792.5	1834	9708.002
MDA-MB-453	TNBC	Luminal	Taxol	33.3	1907.6667	5169.6667	2879.5	9723.002
MDA-MB-453	TNBC	Luminal	Taxol	33.3	1901.8333	4675.1667	3100.5	12964.002
MDA-MB-468	TNBC	Basal A	Taxol	8.53e-05	3765.3333	2750.3333	2056	7905.002
MDA-MB-468	TNBC	Basal A	Taxol	8.53e-05	3049.5	4053.1667	2723.5	7906.002
MDA-MB-468	TNBC	Basal A	Taxol	8.53e-05	6116.1667	5565.5	1838	7907.002
MDA-MB-468	TNBC	Basal A	Taxol	0.000427	2117.3333	2750.3333	2056	7905.002
MDA-MB-468	TNBC	Basal A	Taxol	0.000427	3294.1667	4053.1667	2723.5	7906.002
MDA-MB-468	TNBC	Basal A	Taxol	0.000427	5239.5	5565.5	1838	7907.002
MDA-MB-468	TNBC	Basal A	Taxol	0.00213	3411.3333	2750.3333	2056	7905.002
MDA-MB-468	TNBC	Basal A	Taxol	0.00213	5241.1667	4053.1667	2723.5	7906.002
MDA-MB-468	TNBC	Basal A	Taxol	0.00213	5754.5	5565.5	1838	7907.002
MDA-MB-468	TNBC	Basal A	Taxol	0.0107	1247.6667	2750.3333	2056	7905.002
MDA-MB-468	TNBC	Basal A	Taxol	0.0107	3032.1667	4053.1667	2723.5	7906.002
MDA-MB-468	TNBC	Basal A	Taxol	0.0107	1408.8333	5565.5	1838	7907.002
MDA-MB-468	TNBC	Basal A	Taxol	0.0533	238.3333	2750.3333	2056	7905.002
MDA-MB-468	TNBC	Basal A	Taxol	0.0533	578.8333	4053.1667	2723.5	7906.002
MDA-MB-468	TNBC	Basal A	Taxol	0.0533	351.8333	5565.5	1838	7907.002
MDA-MB-468	TNBC	Basal A	Taxol	0.267	524.6667	2750.3333	2056	7905.002
MDA-MB-468	TNBC	Basal A	Taxol	0.267	179.5	4053.1667	2723.5	7906.002
MDA-MB-468	TNBC	Basal A	Taxol	0.267	266.5	5565.5	1838	7907.002
MDA-MB-468	TNBC	Basal A	Taxol	1.33	181.3333	2750.3333	2056	7905.002
MDA-MB-468	TNBC	Basal A	Taxol	1.33	277.5	4053.1667	2723.5	7906.002
MDA-MB-468	TNBC	Basal A	Taxol	1.33	292.5	5565.5	1838	7907.002
MDA-MB-468	TNBC	Basal A	Taxol	6.67	305.6667	2750.3333	2056	7905.002
MDA-MB-468	TNBC	Basal A	Taxol	6.67	927.1667	4053.1667	2723.5	7906.002
MDA-MB-468	TNBC	Basal A	Taxol	6.67	253.8333	5565.5	1838	7907.002
MDA-MB-468	TNBC	Basal A	Taxol	33.3	189.6667	2750.3333	2056	7905.002
MDA-MB-468	TNBC	Basal A	Taxol	33.3	1165.5	4053.1667	2723.5	7906.002
MDA-MB-468	TNBC	Basal A	Taxol	33.3	228.5	5565.5	1838	7907.002
SK-BR-3	HER2amp	Luminal	Taxol	8.53e-05	7639	7159.3333	3263	9759.002
SK-BR-3	HER2amp	Luminal	Taxol	8.53e-05	7786.5	7709.5	3879	9760.002
SK-BR-3	HER2amp	Luminal	Taxol	8.53e-05	4292.5	4256.5	2683	10127.002
SK-BR-3	HER2amp	Luminal	Taxol	8.53e-05	4149.6667	4149.6667	2244	12999.002
SK-BR-3	HER2amp	Luminal	Taxol	0.000427	7803.3333	7159.3333	3263	9759.002
SK-BR-3	HER2amp	Luminal	Taxol	0.000427	7519.5	7709.5	3879	9760.002
SK-BR-3	HER2amp	Luminal	Taxol	0.000427	4129.1667	4256.5	2683	10127.002
SK-BR-3	HER2amp	Luminal	Taxol	0.000427	4214.6667	4149.6667	2244	12999.002
SK-BR-3	HER2amp	Luminal	Taxol	0.00213	7684.6667	7159.3333	3263	9759.002
SK-BR-3	HER2amp	Luminal	Taxol	0.00213	7544.5	7709.5	3879	9760.002
SK-BR-3	HER2amp	Luminal	Taxol	0.00213	4558.5	4256.5	2683	10127.002
SK-BR-3	HER2amp	Luminal	Taxol	0.00213	4226	4149.6667	2244	12999.002
SK-BR-3	HER2amp	Luminal	Taxol	0.0107	5331.3333	7159.3333	3263	9759.002
SK-BR-3	HER2amp	Luminal	Taxol	0.0107	5932.1667	7709.5	3879	9760.002
SK-BR-3	HER2amp	Luminal	Taxol	0.0107	3104.5	4256.5	2683	10127.002
SK-BR-3	HER2amp	Luminal	Taxol	0.0107	3546	4149.6667	2244	12999.002
SK-BR-3	HER2amp	Luminal	Taxol	0.0533	1061	7159.3333	3263	9759.002
SK-BR-3	HER2amp	Luminal	Taxol	0.0533	1085.8333	7709.5	3879	9760.002
SK-BR-3	HER2amp	Luminal	Taxol	0.0533	2682.8333	4256.5	2683	10127.002
SK-BR-3	HER2amp	Luminal	Taxol	0.0533	1222	4149.6667	2244	12999.002
SK-BR-3	HER2amp	Luminal	Taxol	0.267	995.3333	7159.3333	3263	9759.002
SK-BR-3	HER2amp	Luminal	Taxol	0.267	1204.8333	7709.5	3879	9760.002
SK-BR-3	HER2amp	Luminal	Taxol	0.267	1413.1667	4256.5	2683	10127.002
SK-BR-3	HER2amp	Luminal	Taxol	0.267	1082.3333	4149.6667	2244	12999.002
SK-BR-3	HER2amp	Luminal	Taxol	1.33	1064.3333	7159.3333	3263	9759.002
SK-BR-3	HER2amp	Luminal	Taxol	1.33	1111.5	7709.5	3879	9760.002
SK-BR-3	HER2amp	Luminal	Taxol	1.33	1400.1667	4256.5	2683	10127.002
SK-BR-3	HER2amp	Luminal	Taxol	1.33	1014.6667	4149.6667	2244	12999.002
SK-BR-3	HER2amp	Luminal	Taxol	6.67	934.6667	7159.3333	3263	9759.002
SK-BR-3	HER2amp	Luminal	Taxol	6.67	1106.1667	7709.5	3879	9760.002
SK-BR-3	HER2amp	Luminal	Taxol	6.67	2382.1667	4256.5	2683	10127.002
SK-BR-3	HER2amp	Luminal	Taxol	6.67	1019.6667	4149.6667	2244	12999.002
SK-BR-3	HER2amp	Luminal	Taxol	33.3	904.6667	7159.3333	3263	9759.002
SK-BR-3	HER2amp	Luminal	Taxol	33.3	944.1667	7709.5	3879	9760.002
SK-BR-3	HER2amp	Luminal	Taxol	33.3	1305.5	4256.5	2683	10127.002
SK-BR-3	HER2amp	Luminal	Taxol	33.3	985.6667	4149.6667	2244	12999.002
SUM1315MO2	TNBC	Basal B	Taxol	8.53e-05	3130.1667	2746.5	2074	9797.002
SUM1315MO2	TNBC	Basal B	Taxol	8.53e-05	9265	8913	4871.5	10139.002
SUM1315MO2	TNBC	Basal B	Taxol	0.000427	2877.8333	2746.5	2074	9797.002
SUM1315MO2	TNBC	Basal B	Taxol	0.000427	8865.6667	8913	4871.5	10139.002
SUM1315MO2	TNBC	Basal B	Taxol	0.00213	2548.8333	2746.5	2074	9797.002
SUM1315MO2	TNBC	Basal B	Taxol	0.00213	8958.6667	8913	4871.5	10139.002
SUM1315MO2	TNBC	Basal B	Taxol	0.0107	1506.1667	2746.5	2074	9797.002
SUM1315MO2	TNBC	Basal B	Taxol	0.0107	6478.6667	8913	4871.5	10139.002
SUM1315MO2	TNBC	Basal B	Taxol	0.0533	944.5	2746.5	2074	9797.002
SUM1315MO2	TNBC	Basal B	Taxol	0.0533	3434.3333	8913	4871.5	10139.002
SUM1315MO2	TNBC	Basal B	Taxol	0.267	674.1667	2746.5	2074	9797.002
SUM1315MO2	TNBC	Basal B	Taxol	0.267	2467.3333	8913	4871.5	10139.002
SUM1315MO2	TNBC	Basal B	Taxol	1.33	658.5	2746.5	2074	9797.002
SUM1315MO2	TNBC	Basal B	Taxol	1.33	2635.3333	8913	4871.5	10139.002
SUM1315MO2	TNBC	Basal B	Taxol	6.67	647.8333	2746.5	2074	9797.002
SUM1315MO2	TNBC	Basal B	Taxol	6.67	2535	8913	4871.5	10139.002
SUM1315MO2	TNBC	Basal B	Taxol	33.3	638.1667	2746.5	2074	9797.002
SUM1315MO2	TNBC	Basal B	Taxol	33.3	2387.6667	8913	4871.5	10139.002
SUM149PT	TNBC	Basal B	Taxol	8.53e-05	4850	4155	1094	9830.002
SUM149PT	TNBC	Basal B	Taxol	0.000427	4515.3333	4155	1094	9830.002
SUM149PT	TNBC	Basal B	Taxol	0.00213	4527	4155	1094	9830.002
SUM149PT	TNBC	Basal B	Taxol	0.0107	1586.6667	4155	1094	9830.002
SUM149PT	TNBC	Basal B	Taxol	0.0533	1102.6667	4155	1094	9830.002
SUM149PT	TNBC	Basal B	Taxol	0.267	831.6667	4155	1094	9830.002
SUM149PT	TNBC	Basal B	Taxol	1.33	759	4155	1094	9830.002
SUM149PT	TNBC	Basal B	Taxol	6.67	713.6667	4155	1094	9830.002
SUM149PT	TNBC	Basal B	Taxol	33.3	760.3333	4155	1094	9830.002
SUM159PT	TNBC	Basal B	Taxol	8.53e-05	4053.8333	4539.5	635	7918.002
SUM159PT	TNBC	Basal B	Taxol	8.53e-05	7758.1667	7148.5	1298.5	9844.002
SUM159PT	TNBC	Basal B	Taxol	8.53e-05	3476.5	3606.5	409.5	13004.002
SUM159PT	TNBC	Basal B	Taxol	8.53e-05	3218	3076	369.5	13054.002
SUM159PT	TNBC	Basal B	Taxol	0.000427	3921.8333	4539.5	635	7918.002
SUM159PT	TNBC	Basal B	Taxol	0.000427	7139.1667	7148.5	1298.5	9844.002
SUM159PT	TNBC	Basal B	Taxol	0.000427	3534.1667	3606.5	409.5	13004.002
SUM159PT	TNBC	Basal B	Taxol	0.000427	2800.6667	3076	369.5	13054.002
SUM159PT	TNBC	Basal B	Taxol	0.00213	4262.5	4539.5	635	7918.002
SUM159PT	TNBC	Basal B	Taxol	0.00213	7039.8333	7148.5	1298.5	9844.002
SUM159PT	TNBC	Basal B	Taxol	0.00213	2741.5	3606.5	409.5	13004.002
SUM159PT	TNBC	Basal B	Taxol	0.00213	2036.6667	3076	369.5	13054.002
SUM159PT	TNBC	Basal B	Taxol	0.0107	3583.5	4539.5	635	7918.002
SUM159PT	TNBC	Basal B	Taxol	0.0107	3247.8333	7148.5	1298.5	9844.002
SUM159PT	TNBC	Basal B	Taxol	0.0107	493.1667	3606.5	409.5	13004.002
SUM159PT	TNBC	Basal B	Taxol	0.0107	463.6667	3076	369.5	13054.002
SUM159PT	TNBC	Basal B	Taxol	0.0533	535.1667	4539.5	635	7918.002
SUM159PT	TNBC	Basal B	Taxol	0.0533	740.5	7148.5	1298.5	9844.002
SUM159PT	TNBC	Basal B	Taxol	0.0533	281.8333	3606.5	409.5	13004.002
SUM159PT	TNBC	Basal B	Taxol	0.0533	242.3333	3076	369.5	13054.002
SUM159PT	TNBC	Basal B	Taxol	0.267	316.1667	4539.5	635	7918.002
SUM159PT	TNBC	Basal B	Taxol	0.267	827.5	7148.5	1298.5	9844.002
SUM159PT	TNBC	Basal B	Taxol	0.267	266.1667	3606.5	409.5	13004.002
SUM159PT	TNBC	Basal B	Taxol	0.267	222	3076	369.5	13054.002
SUM159PT	TNBC	Basal B	Taxol	1.33	242.1667	4539.5	635	7918.002
SUM159PT	TNBC	Basal B	Taxol	1.33	592.5	7148.5	1298.5	9844.002
SUM159PT	TNBC	Basal B	Taxol	1.33	256.1667	3606.5	409.5	13004.002
SUM159PT	TNBC	Basal B	Taxol	1.33	242	3076	369.5	13054.002
SUM159PT	TNBC	Basal B	Taxol	6.67	359.1667	4539.5	635	7918.002
SUM159PT	TNBC	Basal B	Taxol	6.67	351.1667	7148.5	1298.5	9844.002
SUM159PT	TNBC	Basal B	Taxol	6.67	232.8333	3606.5	409.5	13004.002
SUM159PT	TNBC	Basal B	Taxol	6.67	197.6667	3076	369.5	13054.002
SUM159PT	TNBC	Basal B	Taxol	33.3	263.1667	4539.5	635	7918.002
SUM159PT	TNBC	Basal B	Taxol	33.3	105.5	7148.5	1298.5	9844.002
SUM159PT	TNBC	Basal B	Taxol	33.3	206.5	3606.5	409.5	13004.002
SUM159PT	TNBC	Basal B	Taxol	33.3	210.6667	3076	369.5	13054.002
SUM185PE	TNBC	Luminal	Taxol	8.53e-05	7968.3333	7452.3333	4536.5	7921.002
SUM185PE	TNBC	Luminal	Taxol	8.53e-05	7053.8333	6373.1667	3265	10146.002
SUM185PE	TNBC	Luminal	Taxol	0.000427	7232.3333	7452.3333	4536.5	7921.002
SUM185PE	TNBC	Luminal	Taxol	0.000427	4540.1667	6373.1667	3265	10146.002
SUM185PE	TNBC	Luminal	Taxol	0.00213	7395.6667	7452.3333	4536.5	7921.002
SUM185PE	TNBC	Luminal	Taxol	0.00213	6481.1667	6373.1667	3265	10146.002
SUM185PE	TNBC	Luminal	Taxol	0.0107	6957.6667	7452.3333	4536.5	7921.002
SUM185PE	TNBC	Luminal	Taxol	0.0107	6238.1667	6373.1667	3265	10146.002
SUM185PE	TNBC	Luminal	Taxol	0.0533	4716	7452.3333	4536.5	7921.002
SUM185PE	TNBC	Luminal	Taxol	0.0533	5202.1667	6373.1667	3265	10146.002
SUM185PE	TNBC	Luminal	Taxol	0.267	4296	7452.3333	4536.5	7921.002
SUM185PE	TNBC	Luminal	Taxol	0.267	4996.5	6373.1667	3265	10146.002
SUM185PE	TNBC	Luminal	Taxol	1.33	4241.3333	7452.3333	4536.5	7921.002
SUM185PE	TNBC	Luminal	Taxol	1.33	5177.8333	6373.1667	3265	10146.002
SUM185PE	TNBC	Luminal	Taxol	6.67	3946.3333	7452.3333	4536.5	7921.002
SUM185PE	TNBC	Luminal	Taxol	6.67	4464.1667	6373.1667	3265	10146.002
SUM185PE	TNBC	Luminal	Taxol	33.3	4165	7452.3333	4536.5	7921.002
SUM185PE	TNBC	Luminal	Taxol	33.3	4263.1667	6373.1667	3265	10146.002
SUM229PE	TNBC	-	Taxol	8.53e-05	6477.6667	6090.3333	2046.5	9860.002
SUM229PE	TNBC	-	Taxol	8.53e-05	7586.6667	7150	2821	13009.002
SUM229PE	TNBC	-	Taxol	8.53e-05	7559.3333	7164	2287.5	13062.002
SUM229PE	TNBC	-	Taxol	0.000427	6148	6090.3333	2046.5	9860.002
SUM229PE	TNBC	-	Taxol	0.000427	7026.3333	7150	2821	13009.002
SUM229PE	TNBC	-	Taxol	0.000427	7286	7164	2287.5	13062.002
SUM229PE	TNBC	-	Taxol	0.00213	6538.6667	6090.3333	2046.5	9860.002
SUM229PE	TNBC	-	Taxol	0.00213	7351.6667	7150	2821	13009.002
SUM229PE	TNBC	-	Taxol	0.00213	7556.3333	7164	2287.5	13062.002
SUM229PE	TNBC	-	Taxol	0.0107	3602.3333	6090.3333	2046.5	9860.002
SUM229PE	TNBC	-	Taxol	0.0107	6244.6667	7150	2821	13009.002
SUM229PE	TNBC	-	Taxol	0.0107	5721.6667	7164	2287.5	13062.002
SUM229PE	TNBC	-	Taxol	0.0533	1771.3333	6090.3333	2046.5	9860.002
SUM229PE	TNBC	-	Taxol	0.0533	2924	7150	2821	13009.002
SUM229PE	TNBC	-	Taxol	0.0533	2768	7164	2287.5	13062.002
SUM229PE	TNBC	-	Taxol	0.267	1666.6667	6090.3333	2046.5	9860.002
SUM229PE	TNBC	-	Taxol	0.267	2701.6667	7150	2821	13009.002
SUM229PE	TNBC	-	Taxol	0.267	2326.3333	7164	2287.5	13062.002
SUM229PE	TNBC	-	Taxol	1.33	1922.6667	6090.3333	2046.5	9860.002
SUM229PE	TNBC	-	Taxol	1.33	2562	7150	2821	13009.002
SUM229PE	TNBC	-	Taxol	1.33	2445	7164	2287.5	13062.002
SUM229PE	TNBC	-	Taxol	6.67	1555.6667	6090.3333	2046.5	9860.002
SUM229PE	TNBC	-	Taxol	6.67	2471.6667	7150	2821	13009.002
SUM229PE	TNBC	-	Taxol	6.67	2145.6667	7164	2287.5	13062.002
SUM229PE	TNBC	-	Taxol	33.3	1627.3333	6090.3333	2046.5	9860.002
SUM229PE	TNBC	-	Taxol	33.3	2498.6667	7150	2821	13009.002
SUM229PE	TNBC	-	Taxol	33.3	2271.6667	7164	2287.5	13062.002
SUM52PE	HR+	Luminal	Taxol	8.53e-05	6082.5	5460.5	2151.5	9878.002
SUM52PE	HR+	Luminal	Taxol	8.53e-05	5908	5619.3333	2466.5	9889.002
SUM52PE	HR+	Luminal	Taxol	8.53e-05	2273.3333	2717.3333	1298.5	12969.002
SUM52PE	HR+	Luminal	Taxol	0.000427	5467.5	5460.5	2151.5	9878.002
SUM52PE	HR+	Luminal	Taxol	0.000427	5379.3333	5619.3333	2466.5	9889.002
SUM52PE	HR+	Luminal	Taxol	0.000427	2619.6667	2717.3333	1298.5	12969.002
SUM52PE	HR+	Luminal	Taxol	0.00213	5439.1667	5460.5	2151.5	9878.002
SUM52PE	HR+	Luminal	Taxol	0.00213	4405.6667	5619.3333	2466.5	9889.002
SUM52PE	HR+	Luminal	Taxol	0.00213	2449.3333	2717.3333	1298.5	12969.002
SUM52PE	HR+	Luminal	Taxol	0.0107	2594.5	5460.5	2151.5	9878.002
SUM52PE	HR+	Luminal	Taxol	0.0107	1776	5619.3333	2466.5	9889.002
SUM52PE	HR+	Luminal	Taxol	0.0107	1627	2717.3333	1298.5	12969.002
SUM52PE	HR+	Luminal	Taxol	0.0533	1385.8333	5460.5	2151.5	9878.002
SUM52PE	HR+	Luminal	Taxol	0.0533	1665	5619.3333	2466.5	9889.002
SUM52PE	HR+	Luminal	Taxol	0.0533	1537.6667	2717.3333	1298.5	12969.002
SUM52PE	HR+	Luminal	Taxol	0.267	1089.1667	5460.5	2151.5	9878.002
SUM52PE	HR+	Luminal	Taxol	0.267	1412	5619.3333	2466.5	9889.002
SUM52PE	HR+	Luminal	Taxol	0.267	1470.6667	2717.3333	1298.5	12969.002
SUM52PE	HR+	Luminal	Taxol	1.33	1107.8333	5460.5	2151.5	9878.002
SUM52PE	HR+	Luminal	Taxol	1.33	1577.3333	5619.3333	2466.5	9889.002
SUM52PE	HR+	Luminal	Taxol	1.33	1472	2717.3333	1298.5	12969.002
SUM52PE	HR+	Luminal	Taxol	6.67	1013.8333	5460.5	2151.5	9878.002
SUM52PE	HR+	Luminal	Taxol	6.67	1332	5619.3333	2466.5	9889.002
SUM52PE	HR+	Luminal	Taxol	6.67	1540.6667	2717.3333	1298.5	12969.002
SUM52PE	HR+	Luminal	Taxol	33.3	1013.5	5460.5	2151.5	9878.002
SUM52PE	HR+	Luminal	Taxol	33.3	1492.3333	5619.3333	2466.5	9889.002
SUM52PE	HR+	Luminal	Taxol	33.3	1438	2717.3333	1298.5	12969.002
T47D	HR+	Luminal	Taxol	8.53e-05	6087	5801.3333	4376	9897.002
T47D	HR+	Luminal	Taxol	8.53e-05	6263.3333	5877	2864.5	12720.002
T47D	HR+	Luminal	Taxol	0.000427	5794.6667	5801.3333	4376	9897.002
T47D	HR+	Luminal	Taxol	0.000427	5641	5877	2864.5	12720.002
T47D	HR+	Luminal	Taxol	0.00213	6080.6667	5801.3333	4376	9897.002
T47D	HR+	Luminal	Taxol	0.00213	6120.3333	5877	2864.5	12720.002
T47D	HR+	Luminal	Taxol	0.0107	4088	5801.3333	4376	9897.002
T47D	HR+	Luminal	Taxol	0.0107	4067.6667	5877	2864.5	12720.002
T47D	HR+	Luminal	Taxol	0.0533	2998.6667	5801.3333	4376	9897.002
T47D	HR+	Luminal	Taxol	0.0533	2820	5877	2864.5	12720.002
T47D	HR+	Luminal	Taxol	0.267	2891.6667	5801.3333	4376	9897.002
T47D	HR+	Luminal	Taxol	0.267	2865	5877	2864.5	12720.002
T47D	HR+	Luminal	Taxol	1.33	2953.3333	5801.3333	4376	9897.002
T47D	HR+	Luminal	Taxol	1.33	3137.6667	5877	2864.5	12720.002
T47D	HR+	Luminal	Taxol	6.67	2880	5801.3333	4376	9897.002
T47D	HR+	Luminal	Taxol	6.67	2644	5877	2864.5	12720.002
T47D	HR+	Luminal	Taxol	33.3	2817	5801.3333	4376	9897.002
T47D	HR+	Luminal	Taxol	33.3	2547.6667	5877	2864.5	12720.002
T47DKBLUC	Unknown	Unknown	Taxol	8.53e-05	10111.3333	9349	5411.5	13070.002
T47DKBLUC	Unknown	Unknown	Taxol	0.000427	9142	9349	5411.5	13070.002
T47DKBLUC	Unknown	Unknown	Taxol	0.00213	9745.6667	9349	5411.5	13070.002
T47DKBLUC	Unknown	Unknown	Taxol	0.0107	7739	9349	5411.5	13070.002
T47DKBLUC	Unknown	Unknown	Taxol	0.0533	4954.6667	9349	5411.5	13070.002
T47DKBLUC	Unknown	Unknown	Taxol	0.267	4425.6667	9349	5411.5	13070.002
T47DKBLUC	Unknown	Unknown	Taxol	1.33	4440.6667	9349	5411.5	13070.002
T47DKBLUC	Unknown	Unknown	Taxol	6.67	4326	9349	5411.5	13070.002
T47DKBLUC	Unknown	Unknown	Taxol	33.3	4411	9349	5411.5	13070.002
UACC-812	HER2amp	Luminal	Taxol	8.53e-05	8915.6667	8478.6667	5320.5	9913.002
UACC-812	HER2amp	Luminal	Taxol	8.53e-05	5684.3333	5333.3333	4024	10150.002
UACC-812	HER2amp	Luminal	Taxol	8.53e-05	7571.8333	6163.8333	4649	10267.002
UACC-812	HER2amp	Luminal	Taxol	8.53e-05	6289.8333	6167.1667	3947.5	13078.002
UACC-812	HER2amp	Luminal	Taxol	0.000427	7799.3333	8478.6667	5320.5	9913.002
UACC-812	HER2amp	Luminal	Taxol	0.000427	5434.3333	5333.3333	4024	10150.002
UACC-812	HER2amp	Luminal	Taxol	0.000427	6700.8333	6163.8333	4649	10267.002
UACC-812	HER2amp	Luminal	Taxol	0.000427	6023.1667	6167.1667	3947.5	13078.002
UACC-812	HER2amp	Luminal	Taxol	0.00213	8491	8478.6667	5320.5	9913.002
UACC-812	HER2amp	Luminal	Taxol	0.00213	5475.3333	5333.3333	4024	10150.002
UACC-812	HER2amp	Luminal	Taxol	0.00213	6991.1667	6163.8333	4649	10267.002
UACC-812	HER2amp	Luminal	Taxol	0.00213	6490.1667	6167.1667	3947.5	13078.002
UACC-812	HER2amp	Luminal	Taxol	0.0107	6537	8478.6667	5320.5	9913.002
UACC-812	HER2amp	Luminal	Taxol	0.0107	3943	5333.3333	4024	10150.002
UACC-812	HER2amp	Luminal	Taxol	0.0107	4054.8333	6163.8333	4649	10267.002
UACC-812	HER2amp	Luminal	Taxol	0.0107	4424.5	6167.1667	3947.5	13078.002
UACC-812	HER2amp	Luminal	Taxol	0.0533	5362.3333	8478.6667	5320.5	9913.002
UACC-812	HER2amp	Luminal	Taxol	0.0533	3397	5333.3333	4024	10150.002
UACC-812	HER2amp	Luminal	Taxol	0.0533	4067.1667	6163.8333	4649	10267.002
UACC-812	HER2amp	Luminal	Taxol	0.0533	3391.5	6167.1667	3947.5	13078.002
UACC-812	HER2amp	Luminal	Taxol	0.267	5163.3333	8478.6667	5320.5	9913.002
UACC-812	HER2amp	Luminal	Taxol	0.267	3297.3333	5333.3333	4024	10150.002
UACC-812	HER2amp	Luminal	Taxol	0.267	3931.1667	6163.8333	4649	10267.002
UACC-812	HER2amp	Luminal	Taxol	0.267	3064.5	6167.1667	3947.5	13078.002
UACC-812	HER2amp	Luminal	Taxol	1.33	5162.6667	8478.6667	5320.5	9913.002
UACC-812	HER2amp	Luminal	Taxol	1.33	3623	5333.3333	4024	10150.002
UACC-812	HER2amp	Luminal	Taxol	1.33	4135.5	6163.8333	4649	10267.002
UACC-812	HER2amp	Luminal	Taxol	1.33	3133.5	6167.1667	3947.5	13078.002
UACC-812	HER2amp	Luminal	Taxol	6.67	5562.6667	8478.6667	5320.5	9913.002
UACC-812	HER2amp	Luminal	Taxol	6.67	3366	5333.3333	4024	10150.002
UACC-812	HER2amp	Luminal	Taxol	6.67	4070.1667	6163.8333	4649	10267.002
UACC-812	HER2amp	Luminal	Taxol	6.67	3032.1667	6167.1667	3947.5	13078.002
UACC-812	HER2amp	Luminal	Taxol	33.3	5088.3333	8478.6667	5320.5	9913.002
UACC-812	HER2amp	Luminal	Taxol	33.3	3208	5333.3333	4024	10150.002
UACC-812	HER2amp	Luminal	Taxol	33.3	3580.8333	6163.8333	4649	10267.002
UACC-812	HER2amp	Luminal	Taxol	33.3	3114.1667	6167.1667	3947.5	13078.002
UACC-893	HER2amp	Luminal	Taxol	8.53e-05	5532.8333	5002.8333	3712	9933.002
UACC-893	HER2amp	Luminal	Taxol	8.53e-05	3357.2222	3030.6667	2274.5	9953.002
UACC-893	HER2amp	Luminal	Taxol	0.000427	4962.1667	5002.8333	3712	9933.002
UACC-893	HER2amp	Luminal	Taxol	0.000427	2806.7778	3030.6667	2274.5	9953.002
UACC-893	HER2amp	Luminal	Taxol	0.00213	5411.1667	5002.8333	3712	9933.002
UACC-893	HER2amp	Luminal	Taxol	0.00213	3488.6667	3030.6667	2274.5	9953.002
UACC-893	HER2amp	Luminal	Taxol	0.0107	4596.8333	5002.8333	3712	9933.002
UACC-893	HER2amp	Luminal	Taxol	0.0107	2900.2222	3030.6667	2274.5	9953.002
UACC-893	HER2amp	Luminal	Taxol	0.0533	2152.1667	5002.8333	3712	9933.002
UACC-893	HER2amp	Luminal	Taxol	0.0533	2663.8889	3030.6667	2274.5	9953.002
UACC-893	HER2amp	Luminal	Taxol	0.267	1996.1667	5002.8333	3712	9933.002
UACC-893	HER2amp	Luminal	Taxol	0.267	2443.4444	3030.6667	2274.5	9953.002
UACC-893	HER2amp	Luminal	Taxol	1.33	2142.1667	5002.8333	3712	9933.002
UACC-893	HER2amp	Luminal	Taxol	1.33	2613	3030.6667	2274.5	9953.002
UACC-893	HER2amp	Luminal	Taxol	6.67	2058.5	5002.8333	3712	9933.002
UACC-893	HER2amp	Luminal	Taxol	6.67	2537.4444	3030.6667	2274.5	9953.002
UACC-893	HER2amp	Luminal	Taxol	33.3	2215.5	5002.8333	3712	9933.002
UACC-893	HER2amp	Luminal	Taxol	33.3	2248.5556	3030.6667	2274.5	9953.002
ZR-75-1	HR+	Luminal	Taxol	8.53e-05	10101.1667	9587.8333	5141	7932.002
ZR-75-1	HR+	Luminal	Taxol	8.53e-05	11800.3333	11603	8140.5	9958.002
ZR-75-1	HR+	Luminal	Taxol	0.000427	9707.8333	9587.8333	5141	7932.002
ZR-75-1	HR+	Luminal	Taxol	0.000427	11352.3333	11603	8140.5	9958.002
ZR-75-1	HR+	Luminal	Taxol	0.00213	9782.8333	9587.8333	5141	7932.002
ZR-75-1	HR+	Luminal	Taxol	0.00213	11698.6667	11603	8140.5	9958.002
ZR-75-1	HR+	Luminal	Taxol	0.0107	8195.1667	9587.8333	5141	7932.002
ZR-75-1	HR+	Luminal	Taxol	0.0107	10026.6667	11603	8140.5	9958.002
ZR-75-1	HR+	Luminal	Taxol	0.0533	6825.1667	9587.8333	5141	7932.002
ZR-75-1	HR+	Luminal	Taxol	0.0533	9000.6667	11603	8140.5	9958.002
ZR-75-1	HR+	Luminal	Taxol	0.267	6278.8333	9587.8333	5141	7932.002
ZR-75-1	HR+	Luminal	Taxol	0.267	8790.6667	11603	8140.5	9958.002
ZR-75-1	HR+	Luminal	Taxol	1.33	6394.8333	9587.8333	5141	7932.002
ZR-75-1	HR+	Luminal	Taxol	1.33	8772.6667	11603	8140.5	9958.002
ZR-75-1	HR+	Luminal	Taxol	6.67	6103.8333	9587.8333	5141	7932.002
ZR-75-1	HR+	Luminal	Taxol	6.67	8640	11603	8140.5	9958.002
ZR-75-1	HR+	Luminal	Taxol	33.3	6086.8333	9587.8333	5141	7932.002
ZR-75-1	HR+	Luminal	Taxol	33.3	9235	11603	8140.5	9958.002
ZR75B	HR+	Luminal	Taxol	8.53e-05	6358.3333	5977.3333	2977.5	9972.002
ZR75B	HR+	Luminal	Taxol	8.53e-05	7629.3333	7626	3879.5	9997.002
ZR75B	HR+	Luminal	Taxol	0.000427	5850.6667	5977.3333	2977.5	9972.002
ZR75B	HR+	Luminal	Taxol	0.000427	7577.6667	7626	3879.5	9997.002
ZR75B	HR+	Luminal	Taxol	0.00213	5769.6667	5977.3333	2977.5	9972.002
ZR75B	HR+	Luminal	Taxol	0.00213	7961.6667	7626	3879.5	9997.002
ZR75B	HR+	Luminal	Taxol	0.0107	4070.6667	5977.3333	2977.5	9972.002
ZR75B	HR+	Luminal	Taxol	0.0107	6218.3333	7626	3879.5	9997.002
ZR75B	HR+	Luminal	Taxol	0.0533	3730.6667	5977.3333	2977.5	9972.002
ZR75B	HR+	Luminal	Taxol	0.0533	6018.3333	7626	3879.5	9997.002
ZR75B	HR+	Luminal	Taxol	0.267	3435	5977.3333	2977.5	9972.002
ZR75B	HR+	Luminal	Taxol	0.267	5258.6667	7626	3879.5	9997.002
ZR75B	HR+	Luminal	Taxol	1.33	3716	5977.3333	2977.5	9972.002
ZR75B	HR+	Luminal	Taxol	1.33	5684.3333	7626	3879.5	9997.002
ZR75B	HR+	Luminal	Taxol	6.67	3470.3333	5977.3333	2977.5	9972.002
ZR75B	HR+	Luminal	Taxol	6.67	4884.3333	7626	3879.5	9997.002
ZR75B	HR+	Luminal	Taxol	33.3	3303	5977.3333	2977.5	9972.002
ZR75B	HR+	Luminal	Taxol	33.3	4273.3333	7626	3879.5	9997.002
